<DATE>	<TIME>	<OPEN>	<HIGH>	<LOW>	<CLOSE>	<TICKVOL>	<VOL>	<SPREAD>
2026.04.01	00:00:00	4696.383	4705.025	4693.382	4703.109	5175	0	280
2026.04.01	00:15:00	4703.138	4721.967	4702.433	4721.636	5016	0	280
2026.04.01	00:30:00	4721.621	4722.581	4699.841	4706.252	3918	0	280
2026.04.01	00:45:00	4706.314	4719.373	4704.422	4711.008	4485	0	280
2026.04.01	01:00:00	4711.065	4724.264	4689.714	4707.841	10935	0	280
2026.04.01	01:15:00	4707.759	4708.439	4692.229	4708.375	5658	0	280
2026.04.01	01:30:00	4708.113	4708.113	4681.288	4687.976	5469	0	280
2026.04.01	01:45:00	4687.918	4696.936	4686.006	4692.565	4339	0	280
2026.04.01	02:00:00	4692.634	4700.250	4686.850	4693.987	4930	0	280
2026.04.01	02:15:00	4694.034	4697.618	4683.300	4687.344	2931	0	280
2026.04.01	02:30:00	4687.284	4690.472	4678.199	4681.489	3854	0	280
2026.04.01	02:45:00	4681.788	4689.885	4678.530	4684.705	3099	0	280
2026.04.01	03:00:00	4684.639	4692.647	4682.635	4689.622	3050	0	280
2026.04.01	03:15:00	4689.564	4694.257	4684.480	4687.432	2491	0	280
2026.04.01	03:30:00	4687.362	4688.863	4682.824	4686.780	2133	0	280
2026.04.01	03:45:00	4687.028	4688.744	4679.646	4681.832	2117	0	280
2026.04.01	04:00:00	4682.136	4682.199	4673.072	4673.731	2052	0	280
2026.04.01	04:15:00	4673.970	4674.134	4666.887	4672.531	2321	0	280
2026.04.01	04:30:00	4672.236	4676.956	4669.218	4676.661	1838	0	280
2026.04.01	04:45:00	4676.737	4681.858	4673.049	4676.506	1652	0	280
2026.04.01	05:00:00	4676.269	4684.646	4674.738	4682.878	1880	0	280
2026.04.01	05:15:00	4682.915	4690.104	4680.451	4686.040	2827	0	280
2026.04.01	05:30:00	4686.107	4703.361	4686.107	4702.067	3753	0	280
2026.04.01	05:45:00	4702.249	4703.204	4684.004	4684.366	3396	0	280
2026.04.01	06:00:00	4684.431	4697.414	4682.407	4697.375	4308	0	280
2026.04.01	06:15:00	4697.728	4711.562	4692.487	4709.051	4314	0	280
2026.04.01	06:30:00	4709.023	4712.712	4702.144	4708.270	3839	0	280
2026.04.01	06:45:00	4708.335	4733.135	4708.335	4730.483	5199	0	280
2026.04.01	07:00:00	4730.540	4732.865	4714.339	4715.428	5661	0	280
2026.04.01	07:15:00	4715.492	4725.712	4713.182	4723.100	3037	0	280
2026.04.01	07:30:00	4723.181	4747.686	4721.943	4730.807	5137	0	280
2026.04.01	07:45:00	4730.559	4732.811	4709.636	4713.139	5554	0	280
2026.04.01	08:00:00	4712.783	4726.162	4710.343	4718.942	5275	0	280
2026.04.01	08:15:00	4719.046	4735.767	4717.206	4730.471	4131	0	280
2026.04.01	08:30:00	4730.411	4740.381	4726.291	4731.823	4217	0	280
2026.04.01	08:45:00	4732.037	4732.551	4726.014	4728.640	3129	0	280
2026.04.01	09:00:00	4728.698	4730.213	4717.695	4718.334	3151	0	280
2026.04.01	09:15:00	4718.276	4723.773	4713.920	4719.275	3075	0	280
2026.04.01	09:30:00	4719.213	4722.835	4712.999	4719.008	3367	0	280
2026.04.01	09:45:00	4719.066	4727.828	4718.994	4722.956	3088	0	280
2026.04.01	10:00:00	4723.089	4724.727	4715.372	4715.734	2890	0	280
2026.04.01	10:15:00	4715.676	4729.394	4715.155	4728.426	2744	0	280
2026.04.01	10:30:00	4727.986	4736.332	4726.051	4734.685	2489	0	280
2026.04.01	10:45:00	4734.765	4738.859	4727.827	4731.271	2787	0	280
2026.04.01	11:00:00	4731.185	4740.428	4728.039	4736.540	3049	0	280
2026.04.01	11:15:00	4736.613	4746.386	4736.379	4744.930	3010	0	280
2026.04.01	11:30:00	4745.027	4763.020	4744.665	4760.561	4256	0	280
2026.04.01	11:45:00	4760.430	4761.505	4752.138	4752.138	3455	0	280
2026.04.01	12:00:00	4752.071	4753.717	4739.339	4743.705	3627	0	280
2026.04.01	12:15:00	4743.593	4745.587	4724.707	4735.321	5419	0	280
2026.04.01	12:30:00	4734.991	4753.737	4731.383	4747.405	5223	0	280
2026.04.01	12:45:00	4747.357	4753.369	4724.195	4724.530	16102	0	280
2026.04.01	13:00:00	4724.844	4733.487	4715.902	4731.479	9302	0	280
2026.04.01	13:15:00	4731.492	4742.203	4730.623	4736.284	4891	0	280
2026.04.01	13:30:00	4736.226	4749.556	4730.644	4743.469	10969	0	280
2026.04.01	13:45:00	4743.127	4748.594	4733.705	4738.278	10195	0	280
2026.04.01	14:00:00	4738.097	4747.061	4723.977	4744.634	9742	0	280
2026.04.01	14:15:00	4744.563	4754.963	4730.230	4741.947	9694	0	280
2026.04.01	14:30:00	4741.870	4756.516	4734.694	4753.809	9540	0	280
2026.04.01	14:45:00	4753.868	4768.838	4752.533	4760.873	6467	0	280
2026.04.01	15:00:00	4760.930	4775.001	4758.140	4764.871	6634	0	280
2026.04.01	15:15:00	4764.757	4776.531	4762.516	4772.623	5272	0	280
2026.04.01	15:30:00	4772.705	4786.935	4769.637	4785.332	5383	0	280
2026.04.01	15:45:00	4785.403	4788.354	4782.342	4786.657	3937	0	280
2026.04.01	16:00:00	4786.439	4790.742	4774.464	4775.116	4910	0	280
2026.04.01	16:15:00	4775.174	4783.482	4774.550	4776.662	3721	0	280
2026.04.01	16:30:00	4776.732	4784.919	4775.126	4784.393	2878	0	280
2026.04.01	16:45:00	4784.114	4788.493	4781.647	4787.351	1976	0	280
2026.04.01	17:00:00	4787.347	4793.028	4786.272	4788.584	2656	0	280
2026.04.01	17:15:00	4788.648	4790.151	4782.232	4785.263	3446	0	280
2026.04.01	17:30:00	4785.093	4786.003	4775.760	4781.949	3374	0	280
2026.04.01	17:45:00	4782.008	4783.362	4773.480	4774.473	2909	0	280
2026.04.01	18:00:00	4774.378	4775.260	4759.517	4771.279	6108	0	280
2026.04.01	18:15:00	4771.218	4771.780	4753.015	4754.134	6301	0	280
2026.04.01	18:30:00	4754.193	4766.115	4742.107	4756.578	7051	0	280
2026.04.01	18:45:00	4757.019	4758.585	4751.384	4753.262	5016	0	280
2026.04.01	19:00:00	4753.321	4765.167	4750.926	4759.612	5541	0	280
2026.04.01	19:15:00	4759.622	4769.261	4758.448	4765.729	3547	0	280
2026.04.01	19:30:00	4765.576	4778.259	4763.088	4769.495	3342	0	280
2026.04.01	19:45:00	4769.433	4771.763	4758.308	4766.214	6278	0	280
2026.04.01	20:00:00	4765.816	4769.656	4762.653	4768.669	2418	0	280
2026.04.01	20:15:00	4768.964	4771.291	4760.970	4762.260	1466	0	280
2026.04.01	20:30:00	4762.305	4763.817	4753.999	4760.072	2012	0	280
2026.04.01	20:45:00	4759.920	4763.637	4756.329	4756.874	1359	0	360
2026.04.01	22:15:00	4758.737	4774.206	4756.310	4772.862	1577	0	360
2026.04.01	22:30:00	4772.891	4781.181	4770.768	4776.160	1839	0	360
2026.04.01	22:45:00	4776.187	4782.836	4775.126	4776.600	1601	0	280
2026.04.01	23:00:00	4776.522	4791.517	4773.529	4790.965	1841	0	280
2026.04.01	23:15:00	4790.997	4799.158	4788.389	4794.699	2384	0	280
2026.04.01	23:30:00	4795.095	4800.345	4788.127	4789.502	1812	0	280
2026.04.01	23:45:00	4789.784	4789.999	4778.279	4784.170	2105	0	280
2026.04.02	00:00:00	4784.241	4793.289	4774.842	4792.664	4687	0	280
2026.04.02	00:15:00	4792.725	4798.836	4788.475	4789.879	3389	0	280
2026.04.02	00:30:00	4789.908	4796.308	4784.434	4787.558	3743	0	280
2026.04.02	00:45:00	4787.267	4792.078	4783.327	4784.572	3962	0	280
2026.04.02	01:00:00	4784.250	4786.514	4724.177	4750.650	22075	0	280
2026.04.02	01:15:00	4750.965	4753.132	4686.143	4697.127	28231	0	360
2026.04.02	01:30:00	4697.065	4708.432	4650.310	4689.955	24077	0	360
2026.04.02	01:45:00	4689.705	4711.804	4684.724	4696.456	13921	0	280
2026.04.02	02:00:00	4696.390	4703.901	4678.570	4688.720	13193	0	280
2026.04.02	02:15:00	4688.818	4703.084	4688.234	4690.069	7613	0	280
2026.04.02	02:30:00	4689.626	4691.188	4655.014	4675.765	12727	0	280
2026.04.02	02:45:00	4676.063	4689.352	4672.894	4686.944	6841	0	280
2026.04.02	03:00:00	4687.012	4691.693	4677.679	4689.633	5358	0	280
2026.04.02	03:15:00	4689.681	4699.136	4687.984	4691.723	3993	0	280
2026.04.02	03:30:00	4691.786	4692.480	4683.332	4685.967	3741	0	280
2026.04.02	03:45:00	4686.030	4687.732	4675.521	4676.026	3176	0	280
2026.04.02	04:00:00	4676.323	4681.583	4664.595	4668.490	4535	0	280
2026.04.02	04:15:00	4668.419	4672.211	4662.150	4666.389	3479	0	280
2026.04.02	04:30:00	4666.452	4669.847	4658.319	4661.747	3506	0	280
2026.04.02	04:45:00	4661.795	4673.395	4657.083	4672.441	2957	0	280
2026.04.02	05:00:00	4672.501	4675.282	4666.374	4670.375	2948	0	280
2026.04.02	05:15:00	4670.431	4680.347	4669.197	4677.181	3269	0	280
2026.04.02	05:30:00	4677.010	4679.372	4629.015	4634.014	12550	0	280
2026.04.02	05:45:00	4634.082	4635.457	4585.997	4594.005	17516	0	280
2026.04.02	06:00:00	4594.076	4596.837	4553.765	4580.607	17908	0	280
2026.04.02	06:15:00	4580.793	4598.736	4574.143	4591.009	10193	0	280
2026.04.02	06:30:00	4591.241	4598.588	4581.448	4588.257	9977	0	280
2026.04.02	06:45:00	4588.169	4608.383	4584.027	4599.057	9156	0	280
2026.04.02	07:00:00	4598.997	4622.100	4597.109	4620.976	6288	0	280
2026.04.02	07:15:00	4620.915	4627.414	4617.363	4620.541	5620	0	280
2026.04.02	07:30:00	4620.600	4641.276	4619.512	4637.129	4931	0	280
2026.04.02	07:45:00	4637.067	4651.242	4635.892	4642.815	4383	0	280
2026.04.02	08:00:00	4642.808	4648.922	4628.744	4641.042	6274	0	280
2026.04.02	08:15:00	4640.969	4645.014	4631.365	4634.148	4013	0	280
2026.04.02	08:30:00	4634.172	4643.898	4630.392	4630.440	4344	0	280
2026.04.02	08:45:00	4630.769	4634.507	4617.326	4620.665	4582	0	280
2026.04.02	09:00:00	4620.682	4625.480	4613.010	4623.928	3983	0	280
2026.04.02	09:15:00	4623.490	4631.988	4617.233	4621.064	3840	0	280
2026.04.02	09:30:00	4620.970	4625.531	4615.268	4621.602	3931	0	280
2026.04.02	09:45:00	4621.295	4628.454	4617.598	4621.887	3603	0	280
2026.04.02	10:00:00	4621.948	4635.320	4618.306	4625.233	4099	0	280
2026.04.02	10:15:00	4625.313	4626.983	4603.938	4618.673	4145	0	280
2026.04.02	10:30:00	4618.658	4631.531	4613.411	4624.631	4303	0	280
2026.04.02	10:45:00	4624.724	4629.462	4619.424	4620.645	3667	0	280
2026.04.02	11:00:00	4620.587	4630.013	4616.626	4627.388	4038	0	280
2026.04.02	11:15:00	4627.390	4630.716	4614.296	4614.982	3856	0	280
2026.04.02	11:30:00	4614.920	4617.661	4592.604	4600.146	5851	0	280
2026.04.02	11:45:00	4600.032	4611.891	4596.153	4599.881	5261	0	280
2026.04.02	12:00:00	4600.191	4612.695	4594.436	4612.362	7063	0	280
2026.04.02	12:15:00	4612.432	4630.244	4609.412	4626.502	6049	0	280
2026.04.02	12:30:00	4626.147	4626.479	4615.594	4618.145	4628	0	280
2026.04.02	12:45:00	4618.358	4626.570	4600.322	4601.740	7004	0	280
2026.04.02	13:00:00	4601.804	4614.237	4580.302	4587.540	16403	0	280
2026.04.02	13:15:00	4587.428	4600.277	4580.676	4597.454	11863	0	280
2026.04.02	13:30:00	4597.510	4607.787	4585.765	4601.814	20006	0	280
2026.04.02	13:45:00	4601.736	4651.474	4600.325	4645.933	15518	0	280
2026.04.02	14:00:00	4645.991	4659.641	4631.566	4647.714	15241	0	280
2026.04.02	14:15:00	4647.651	4675.963	4645.504	4665.085	12467	0	280
2026.04.02	14:30:00	4664.993	4699.733	4658.770	4693.210	30997	0	280
2026.04.02	14:45:00	4693.270	4693.707	4672.395	4681.513	18532	0	280
2026.04.02	15:00:00	4681.667	4684.055	4667.423	4672.113	14182	0	280
2026.04.02	15:15:00	4672.177	4682.004	4658.072	4672.246	10932	0	280
2026.04.02	15:30:00	4672.598	4676.151	4662.071	4665.853	9095	0	280
2026.04.02	15:45:00	4666.008	4666.857	4652.475	4660.862	7490	0	280
2026.04.02	16:00:00	4660.924	4668.355	4647.538	4654.724	6639	0	280
2026.04.02	16:15:00	4654.858	4656.964	4642.698	4650.898	6608	0	280
2026.04.02	16:30:00	4650.807	4670.233	4650.414	4658.580	7870	0	280
2026.04.02	16:45:00	4658.801	4670.500	4656.654	4659.051	5674	0	280
2026.04.02	17:00:00	4658.939	4668.446	4656.128	4663.844	5313	0	280
2026.04.02	17:15:00	4663.780	4665.690	4650.970	4652.054	5145	0	280
2026.04.02	17:30:00	4651.992	4657.954	4646.147	4657.519	5301	0	280
2026.04.02	17:45:00	4657.447	4658.751	4645.615	4648.800	4905	0	280
2026.04.02	18:00:00	4648.863	4658.913	4647.404	4653.385	3947	0	280
2026.04.02	18:15:00	4653.646	4656.623	4649.946	4651.464	3532	0	280
2026.04.02	18:30:00	4651.406	4663.365	4651.264	4662.414	3443	0	280
2026.04.02	18:45:00	4662.353	4672.135	4661.923	4668.620	3541	0	280
2026.04.02	19:00:00	4668.676	4681.802	4668.637	4674.528	3698	0	280
2026.04.02	19:15:00	4674.516	4677.845	4664.262	4665.374	5091	0	280
2026.04.02	19:30:00	4665.316	4668.264	4661.403	4666.024	3604	0	280
2026.04.02	19:45:00	4666.063	4676.554	4665.924	4672.105	4005	0	280
2026.04.02	20:00:00	4672.166	4676.912	4671.918	4673.725	1820	0	280
2026.04.02	20:15:00	4673.710	4674.495	4664.274	4667.904	2087	0	280
2026.04.02	20:30:00	4667.928	4673.400	4667.811	4669.065	1534	0	280
2026.04.02	20:45:00	4669.047	4676.927	4666.672	4675.333	2304	0	280
2026.04.05	22:00:00	4662.923	4662.923	4614.162	4630.000	6243	0	360
2026.04.05	22:15:00	4630.455	4642.078	4629.578	4636.391	3658	0	360
2026.04.05	22:30:00	4636.480	4646.119	4632.088	4642.343	2674	0	280
2026.04.05	22:45:00	4642.656	4653.991	4608.316	4645.425	7409	0	360
2026.04.05	23:00:00	4645.521	4651.400	4626.935	4632.626	3889	0	360
2026.04.05	23:15:00	4632.323	4633.990	4609.204	4609.901	2859	0	360
2026.04.05	23:30:00	4609.911	4617.205	4605.069	4607.267	3225	0	280
2026.04.05	23:45:00	4607.374	4619.283	4607.374	4610.674	2379	0	280
2026.04.06	00:00:00	4610.706	4626.741	4606.988	4626.230	6442	0	280
2026.04.06	00:15:00	4626.001	4629.491	4600.572	4603.157	6148	0	280
2026.04.06	00:30:00	4603.188	4621.664	4602.889	4618.934	4761	0	280
2026.04.06	00:45:00	4618.876	4626.042	4615.629	4622.296	3094	0	280
2026.04.06	01:00:00	4622.382	4642.635	4622.211	4641.637	4141	0	280
2026.04.06	01:15:00	4641.643	4643.253	4620.288	4641.006	3854	0	280
2026.04.06	01:30:00	4640.948	4641.409	4622.734	4627.587	3835	0	280
2026.04.06	01:45:00	4627.582	4629.164	4621.437	4625.773	2479	0	280
2026.04.06	02:00:00	4625.986	4640.090	4623.545	4636.235	4066	0	280
2026.04.06	02:15:00	4636.365	4671.878	4636.365	4661.196	6372	0	280
2026.04.06	02:30:00	4661.226	4666.614	4644.010	4651.301	4629	0	280
2026.04.06	02:45:00	4651.294	4656.325	4647.403	4648.162	3292	0	280
2026.04.06	03:00:00	4648.098	4648.211	4628.542	4633.219	4529	0	280
2026.04.06	03:15:00	4633.290	4636.533	4625.175	4630.429	3677	0	280
2026.04.06	03:30:00	4630.154	4633.460	4625.401	4632.521	2887	0	280
2026.04.06	03:45:00	4632.459	4642.314	4630.575	4640.486	2092	0	280
2026.04.06	04:00:00	4640.368	4648.627	4639.837	4643.551	2527	0	280
2026.04.06	04:15:00	4643.592	4646.828	4641.158	4646.711	1715	0	280
2026.04.06	04:30:00	4646.492	4651.136	4642.961	4649.012	1734	0	280
2026.04.06	04:45:00	4649.001	4660.048	4646.628	4658.904	1712	0	280
2026.04.06	05:00:00	4658.910	4676.763	4657.753	4673.391	3297	0	280
2026.04.06	05:15:00	4673.387	4678.938	4666.842	4667.130	2856	0	280
2026.04.06	05:30:00	4667.251	4668.982	4661.117	4661.369	2198	0	280
2026.04.06	05:45:00	4661.604	4667.331	4651.541	4652.784	2453	0	280
2026.04.06	06:00:00	4652.791	4661.688	4643.376	4660.747	3395	0	280
2026.04.06	06:15:00	4660.754	4662.380	4652.694	4657.491	2472	0	280
2026.04.06	06:30:00	4657.472	4660.127	4651.606	4655.706	2168	0	280
2026.04.06	06:45:00	4655.619	4667.930	4653.818	4665.849	4576	0	280
2026.04.06	07:00:00	4665.791	4666.878	4647.926	4651.672	3357	0	280
2026.04.06	07:15:00	4651.708	4655.758	4644.942	4650.611	3004	0	280
2026.04.06	07:30:00	4650.544	4665.674	4650.050	4664.078	2651	0	280
2026.04.06	07:45:00	4664.020	4688.674	4662.495	4684.498	4822	0	280
2026.04.06	08:00:00	4684.695	4694.670	4680.371	4689.662	4897	0	280
2026.04.06	08:15:00	4689.750	4695.807	4684.288	4691.052	3669	0	280
2026.04.06	08:30:00	4690.983	4695.771	4689.783	4692.814	2821	0	280
2026.04.06	08:45:00	4692.810	4698.268	4691.569	4695.562	2648	0	280
2026.04.06	09:00:00	4695.630	4703.125	4695.630	4701.081	3112	0	280
2026.04.06	09:15:00	4701.126	4703.796	4697.069	4702.194	2828	0	280
2026.04.06	09:30:00	4702.259	4706.725	4700.659	4703.477	2090	0	280
2026.04.06	09:45:00	4703.471	4704.814	4690.919	4693.717	3895	0	280
2026.04.06	10:00:00	4693.771	4697.565	4686.107	4686.889	3107	0	280
2026.04.06	10:15:00	4686.889	4693.155	4686.121	4689.652	2162	0	280
2026.04.06	10:30:00	4689.606	4696.842	4687.861	4695.265	1803	0	280
2026.04.06	10:45:00	4695.292	4695.775	4684.652	4689.920	4712	0	280
2026.04.06	11:00:00	4689.988	4696.890	4688.771	4689.581	2752	0	280
2026.04.06	11:15:00	4689.610	4692.597	4685.295	4688.596	2304	0	280
2026.04.06	11:30:00	4688.367	4694.349	4685.217	4685.434	2468	0	280
2026.04.06	11:45:00	4685.377	4685.910	4676.963	4678.015	2885	0	280
2026.04.06	12:00:00	4677.956	4686.760	4671.527	4672.649	2806	0	280
2026.04.06	12:15:00	4672.294	4674.208	4659.481	4666.135	4154	0	280
2026.04.06	12:30:00	4666.199	4678.909	4665.636	4676.913	3319	0	280
2026.04.06	12:45:00	4677.026	4681.214	4674.014	4675.950	2507	0	280
2026.04.06	13:00:00	4675.986	4677.586	4662.188	4668.750	4210	0	280
2026.04.06	13:15:00	4668.835	4673.396	4659.629	4668.465	3442	0	280
2026.04.06	13:30:00	4668.894	4679.131	4660.669	4665.751	11819	0	280
2026.04.06	13:45:00	4665.809	4681.621	4661.456	4679.732	9048	0	280
2026.04.06	14:00:00	4680.182	4690.928	4660.127	4672.575	8987	0	280
2026.04.06	14:15:00	4672.635	4688.475	4670.451	4685.830	7154	0	280
2026.04.06	14:30:00	4685.888	4697.730	4678.219	4684.675	10177	0	280
2026.04.06	14:45:00	4684.767	4688.372	4674.965	4682.923	7069	0	280
2026.04.06	15:00:00	4682.997	4684.023	4661.300	4662.473	7027	0	280
2026.04.06	15:15:00	4662.408	4669.970	4655.180	4667.113	5909	0	280
2026.04.06	15:30:00	4667.181	4671.005	4652.024	4660.371	5084	0	280
2026.04.06	15:45:00	4660.281	4669.124	4659.308	4668.211	3568	0	280
2026.04.06	16:00:00	4668.087	4671.369	4662.337	4670.486	3633	0	280
2026.04.06	16:15:00	4670.221	4672.593	4664.648	4665.781	3031	0	280
2026.04.06	16:30:00	4665.705	4671.176	4662.586	4663.446	2937	0	280
2026.04.06	16:45:00	4663.510	4666.822	4657.663	4660.499	3785	0	280
2026.04.06	17:00:00	4660.566	4661.118	4645.560	4653.963	6187	0	280
2026.04.06	17:15:00	4653.788	4660.234	4650.175	4656.188	4193	0	280
2026.04.06	17:30:00	4656.260	4660.399	4652.495	4656.400	3029	0	280
2026.04.06	17:45:00	4656.479	4657.297	4651.559	4653.739	2401	0	280
2026.04.06	18:00:00	4653.796	4666.483	4650.806	4659.446	4002	0	280
2026.04.06	18:15:00	4659.511	4664.152	4659.070	4660.331	2986	0	280
2026.04.06	18:30:00	4660.332	4663.306	4648.899	4650.386	2646	0	280
2026.04.06	18:45:00	4650.323	4659.065	4648.607	4658.181	2392	0	280
2026.04.06	19:00:00	4658.186	4659.412	4650.092	4650.860	2361	0	280
2026.04.06	19:15:00	4650.839	4651.460	4645.316	4649.970	2290	0	280
2026.04.06	19:30:00	4649.904	4653.643	4648.482	4651.569	1780	0	280
2026.04.06	19:45:00	4651.507	4658.144	4651.379	4655.213	2246	0	280
2026.04.06	20:00:00	4655.274	4657.314	4652.054	4657.118	1346	0	280
2026.04.06	20:15:00	4656.818	4658.074	4655.265	4655.981	945	0	280
2026.04.06	20:30:00	4655.806	4658.360	4651.133	4653.027	1178	0	280
2026.04.06	20:45:00	4652.942	4654.341	4648.982	4649.944	967	0	280
2026.04.06	22:00:00	4661.087	4667.962	4660.547	4663.984	2179	0	280
2026.04.06	22:15:00	4664.030	4666.248	4659.137	4662.291	1450	0	280
2026.04.06	22:30:00	4662.182	4663.067	4659.170	4659.426	897	0	280
2026.04.06	22:45:00	4659.364	4662.286	4656.853	4658.245	902	0	280
2026.04.06	23:00:00	4658.452	4661.165	4657.052	4660.136	985	0	280
2026.04.06	23:15:00	4659.842	4660.787	4653.418	4654.673	946	0	280
2026.04.06	23:30:00	4654.586	4656.394	4651.622	4654.937	979	0	280
2026.04.06	23:45:00	4655.189	4660.311	4654.404	4658.623	1317	0	280
2026.04.07	00:00:00	4658.976	4660.711	4648.955	4657.684	3812	0	280
2026.04.07	00:15:00	4657.626	4661.070	4656.126	4658.956	2492	0	280
2026.04.07	00:30:00	4658.956	4660.994	4657.384	4660.417	1762	0	280
2026.04.07	00:45:00	4660.442	4661.449	4654.206	4654.722	2072	0	280
2026.04.07	01:00:00	4654.699	4664.325	4627.165	4640.401	14289	0	280
2026.04.07	01:15:00	4640.480	4657.560	4637.600	4654.575	7930	0	280
2026.04.07	01:30:00	4654.898	4662.567	4628.686	4641.775	9779	0	280
2026.04.07	01:45:00	4641.858	4647.310	4616.331	4626.659	9912	0	280
2026.04.07	02:00:00	4626.729	4634.231	4619.655	4626.464	6588	0	280
2026.04.07	02:15:00	4626.369	4635.283	4622.665	4634.369	3115	0	280
2026.04.07	02:30:00	4634.308	4646.931	4633.591	4646.110	3681	0	280
2026.04.07	02:45:00	4646.025	4654.089	4645.117	4650.358	3606	0	280
2026.04.07	03:00:00	4650.411	4653.996	4641.643	4645.037	3220	0	280
2026.04.07	03:15:00	4644.851	4647.880	4639.456	4642.644	3267	0	280
2026.04.07	03:30:00	4642.683	4648.494	4641.864	4647.955	1861	0	280
2026.04.07	03:45:00	4647.897	4650.978	4647.124	4649.560	1540	0	280
2026.04.07	04:00:00	4649.496	4651.427	4645.436	4646.204	1793	0	280
2026.04.07	04:15:00	4645.948	4651.208	4645.624	4650.270	1768	0	280
2026.04.07	04:30:00	4650.329	4664.159	4649.679	4662.130	2817	0	280
2026.04.07	04:45:00	4662.119	4663.980	4659.262	4659.810	2067	0	280
2026.04.07	05:00:00	4659.688	4661.306	4654.258	4655.812	1650	0	280
2026.04.07	05:15:00	4655.689	4658.100	4630.351	4632.820	3659	0	280
2026.04.07	05:30:00	4632.742	4641.524	4622.758	4631.393	7745	0	280
2026.04.07	05:45:00	4631.389	4646.540	4629.315	4642.832	3926	0	280
2026.04.07	06:00:00	4643.220	4648.172	4638.220	4646.945	4941	0	280
2026.04.07	06:15:00	4647.253	4649.284	4637.737	4641.086	4266	0	280
2026.04.07	06:30:00	4641.010	4653.870	4640.819	4652.557	3947	0	280
2026.04.07	06:45:00	4652.198	4656.457	4648.492	4653.249	3233	0	280
2026.04.07	07:00:00	4653.176	4657.082	4649.180	4651.439	3957	0	280
2026.04.07	07:15:00	4651.705	4653.884	4638.796	4639.759	3777	0	280
2026.04.07	07:30:00	4639.693	4646.625	4636.555	4643.799	2822	0	280
2026.04.07	07:45:00	4643.508	4646.970	4638.878	4645.863	2206	0	280
2026.04.07	08:00:00	4646.180	4665.503	4644.153	4663.357	8392	0	280
2026.04.07	08:15:00	4663.708	4690.829	4656.974	4678.389	8925	0	280
2026.04.07	08:30:00	4678.448	4687.666	4676.969	4682.857	5489	0	280
2026.04.07	08:45:00	4682.853	4687.423	4679.045	4682.952	3927	0	280
2026.04.07	09:00:00	4682.930	4693.697	4680.798	4685.176	3625	0	280
2026.04.07	09:15:00	4685.534	4694.641	4682.691	4686.720	4665	0	280
2026.04.07	09:30:00	4686.719	4687.042	4665.341	4667.279	5159	0	280
2026.04.07	09:45:00	4667.344	4675.793	4658.733	4670.728	4138	0	280
2026.04.07	10:00:00	4670.786	4679.952	4662.142	4676.682	6872	0	280
2026.04.07	10:15:00	4676.740	4680.494	4657.844	4668.004	6973	0	280
2026.04.07	10:30:00	4668.235	4672.072	4654.355	4662.526	5431	0	280
2026.04.07	10:45:00	4662.434	4662.735	4649.144	4652.199	5982	0	280
2026.04.07	11:00:00	4652.129	4656.278	4628.585	4635.801	6186	0	280
2026.04.07	11:15:00	4635.444	4651.830	4632.884	4647.699	5061	0	280
2026.04.07	11:30:00	4647.928	4663.138	4647.174	4662.860	4468	0	280
2026.04.07	11:45:00	4662.847	4664.232	4656.176	4659.817	2812	0	280
2026.04.07	12:00:00	4659.883	4664.898	4651.267	4654.690	6224	0	280
2026.04.07	12:15:00	4654.759	4670.834	4651.143	4666.066	5426	0	280
2026.04.07	12:30:00	4666.212	4667.711	4655.977	4656.813	3228	0	280
2026.04.07	12:45:00	4656.757	4662.401	4646.720	4651.714	5759	0	280
2026.04.07	13:00:00	4651.478	4660.049	4648.282	4656.505	6493	0	280
2026.04.07	13:15:00	4656.444	4663.012	4650.187	4657.829	4462	0	280
2026.04.07	13:30:00	4657.885	4663.188	4635.468	4639.866	10440	0	280
2026.04.07	13:45:00	4639.809	4654.049	4637.113	4644.395	8444	0	280
2026.04.07	14:00:00	4644.101	4645.532	4607.334	4622.080	12649	0	280
2026.04.07	14:15:00	4621.728	4649.510	4609.580	4645.100	11751	0	280
2026.04.07	14:30:00	4645.159	4661.258	4642.483	4647.266	8313	0	280
2026.04.07	14:45:00	4647.210	4656.986	4629.848	4633.413	8126	0	280
2026.04.07	15:00:00	4633.347	4643.071	4624.763	4642.922	7986	0	280
2026.04.07	15:15:00	4642.999	4653.365	4640.450	4653.201	8485	0	280
2026.04.07	15:30:00	4652.867	4656.661	4640.546	4645.823	5959	0	280
2026.04.07	15:45:00	4645.881	4659.428	4644.931	4655.719	5537	0	280
2026.04.07	16:00:00	4655.388	4668.340	4652.441	4658.650	7279	0	280
2026.04.07	16:15:00	4658.708	4667.964	4654.246	4662.696	6534	0	280
2026.04.07	16:30:00	4662.626	4663.993	4655.836	4660.872	4267	0	280
2026.04.07	16:45:00	4660.807	4663.040	4656.183	4657.141	3356	0	280
2026.04.07	17:00:00	4657.203	4673.215	4656.420	4668.162	4542	0	280
2026.04.07	17:15:00	4668.105	4668.105	4653.753	4660.044	3768	0	280
2026.04.07	17:30:00	4660.099	4686.470	4660.099	4672.418	6750	0	280
2026.04.07	17:45:00	4672.357	4680.203	4671.190	4676.072	3482	0	280
2026.04.07	18:00:00	4675.997	4684.719	4675.743	4683.888	2966	0	280
2026.04.07	18:15:00	4683.869	4686.142	4677.045	4680.350	3199	0	280
2026.04.07	18:30:00	4680.418	4686.376	4677.383	4679.903	3307	0	280
2026.04.07	18:45:00	4679.791	4680.109	4657.357	4662.339	4459	0	280
2026.04.07	19:00:00	4662.400	4668.943	4660.662	4667.757	24656	0	280
2026.04.07	19:15:00	4667.852	4702.621	4666.382	4687.241	21601	0	280
2026.04.07	19:30:00	4687.319	4691.441	4681.629	4686.967	6271	0	280
2026.04.07	19:45:00	4686.909	4718.614	4685.801	4700.628	15872	0	280
2026.04.07	20:00:00	4700.691	4710.691	4697.173	4708.126	5191	0	280
2026.04.07	20:15:00	4708.184	4712.919	4703.805	4710.176	3593	0	280
2026.04.07	20:30:00	4710.354	4717.116	4703.472	4708.191	4681	0	280
2026.04.07	20:45:00	4708.250	4713.740	4705.819	4706.301	3054	0	280
2026.04.07	22:00:00	4740.729	4752.252	4731.214	4732.173	4607	0	360
2026.04.07	22:15:00	4732.178	4736.002	4725.573	4735.156	3163	0	360
2026.04.07	22:30:00	4735.154	4779.767	4713.782	4770.145	12321	0	360
2026.04.07	22:45:00	4769.961	4819.756	4761.597	4818.138	8898	0	360
2026.04.07	23:00:00	4818.422	4824.953	4801.707	4818.410	9872	0	360
2026.04.07	23:15:00	4818.478	4828.781	4807.620	4814.332	7069	0	360
2026.04.07	23:30:00	4814.228	4817.482	4804.005	4812.887	6373	0	280
2026.04.07	23:45:00	4812.955	4836.407	4810.427	4833.182	5144	0	280
2026.04.08	00:00:00	4833.247	4857.455	4830.397	4834.781	14847	0	360
2026.04.08	00:15:00	4834.914	4838.575	4818.774	4822.842	9018	0	280
2026.04.08	00:30:00	4822.902	4824.747	4811.817	4813.884	6107	0	280
2026.04.08	00:45:00	4813.949	4827.334	4808.641	4817.785	5561	0	280
2026.04.08	01:00:00	4817.974	4825.485	4806.316	4819.625	11824	0	360
2026.04.08	01:15:00	4819.937	4822.051	4791.761	4794.051	10195	0	280
2026.04.08	01:30:00	4793.992	4804.245	4787.975	4800.006	7253	0	280
2026.04.08	01:45:00	4800.344	4814.222	4798.231	4810.288	4314	0	280
2026.04.08	02:00:00	4810.208	4825.396	4810.035	4813.851	4140	0	280
2026.04.08	02:15:00	4814.064	4814.064	4807.682	4811.709	2398	0	280
2026.04.08	02:30:00	4811.768	4820.526	4805.979	4806.801	3616	0	280
2026.04.08	02:45:00	4806.358	4809.192	4798.539	4803.736	3472	0	280
2026.04.08	03:00:00	4803.795	4806.041	4797.745	4798.756	2852	0	280
2026.04.08	03:15:00	4798.863	4805.323	4796.218	4803.215	2814	0	280
2026.04.08	03:30:00	4803.153	4804.972	4794.818	4800.401	2435	0	280
2026.04.08	03:45:00	4800.056	4804.521	4796.287	4797.653	2390	0	280
2026.04.08	04:00:00	4797.672	4801.132	4793.391	4797.589	2459	0	280
2026.04.08	04:15:00	4797.529	4803.881	4790.236	4802.112	2723	0	280
2026.04.08	04:30:00	4802.053	4806.718	4800.492	4802.728	2058	0	280
2026.04.08	04:45:00	4802.812	4803.970	4797.506	4803.430	2197	0	280
2026.04.08	05:00:00	4803.370	4810.655	4800.196	4809.487	2557	0	280
2026.04.08	05:15:00	4809.197	4816.319	4806.535	4815.825	2265	0	280
2026.04.08	05:30:00	4815.603	4824.999	4813.867	4822.434	4175	0	280
2026.04.08	05:45:00	4822.481	4843.857	4820.542	4827.648	4443	0	280
2026.04.08	06:00:00	4827.239	4834.805	4821.257	4826.068	4137	0	280
2026.04.08	06:15:00	4826.091	4836.514	4824.392	4836.514	4676	0	280
2026.04.08	06:30:00	4836.717	4839.775	4829.044	4835.451	4258	0	280
2026.04.08	06:45:00	4835.465	4839.526	4819.950	4820.090	4344	0	280
2026.04.08	07:00:00	4820.031	4820.769	4808.854	4812.608	5031	0	360
2026.04.08	07:15:00	4812.548	4821.286	4809.017	4818.199	3521	0	280
2026.04.08	07:30:00	4818.600	4818.600	4805.307	4809.065	3394	0	280
2026.04.08	07:45:00	4808.991	4820.586	4808.483	4813.470	2853	0	280
2026.04.08	08:00:00	4813.538	4819.219	4807.921	4815.116	3343	0	280
2026.04.08	08:15:00	4815.240	4819.941	4798.338	4808.297	3429	0	280
2026.04.08	08:30:00	4808.238	4808.238	4790.158	4793.576	3979	0	280
2026.04.08	08:45:00	4793.090	4803.194	4790.784	4793.644	3506	0	280
2026.04.08	09:00:00	4794.002	4801.229	4793.333	4800.397	2047	0	280
2026.04.08	09:15:00	4800.353	4806.789	4794.980	4798.661	2601	0	280
2026.04.08	09:30:00	4798.600	4803.745	4776.547	4782.612	4426	0	280
2026.04.08	09:45:00	4782.676	4788.252	4776.201	4783.373	3882	0	280
2026.04.08	10:00:00	4783.314	4790.369	4781.517	4782.832	2606	0	280
2026.04.08	10:15:00	4782.768	4783.429	4770.988	4782.503	3189	0	280
2026.04.08	10:30:00	4782.561	4792.294	4779.988	4791.534	2079	0	280
2026.04.08	10:45:00	4791.454	4796.234	4782.654	4782.767	2822	0	280
2026.04.08	11:00:00	4782.682	4790.817	4779.515	4787.419	3064	0	280
2026.04.08	11:15:00	4787.054	4797.066	4782.443	4789.939	4437	0	280
2026.04.08	11:30:00	4789.878	4792.215	4777.826	4789.908	4715	0	280
2026.04.08	11:45:00	4789.794	4802.862	4789.152	4798.544	3866	0	280
2026.04.08	12:00:00	4798.727	4807.103	4797.672	4805.368	4176	0	280
2026.04.08	12:15:00	4805.134	4805.305	4768.354	4783.952	12563	0	280
2026.04.08	12:30:00	4783.894	4798.211	4783.340	4794.630	4526	0	280
2026.04.08	12:45:00	4794.704	4802.546	4794.620	4799.692	3427	0	280
2026.04.08	13:00:00	4799.506	4806.662	4790.671	4793.348	4795	0	280
2026.04.08	13:15:00	4793.011	4799.308	4789.101	4790.305	4610	0	280
2026.04.08	13:30:00	4790.240	4794.853	4773.492	4774.180	12469	0	280
2026.04.08	13:45:00	4774.122	4788.830	4767.160	4777.498	9740	0	280
2026.04.08	14:00:00	4777.853	4792.059	4776.297	4780.369	10157	0	280
2026.04.08	14:15:00	4780.294	4785.160	4761.362	4767.725	9126	0	280
2026.04.08	14:30:00	4767.908	4770.089	4750.815	4760.319	8892	0	280
2026.04.08	14:45:00	4760.143	4764.921	4732.255	4736.485	12142	0	280
2026.04.08	15:00:00	4736.255	4749.561	4734.171	4743.513	9242	0	280
2026.04.08	15:15:00	4743.747	4757.782	4742.849	4750.549	5606	0	280
2026.04.08	15:30:00	4750.865	4761.353	4750.280	4755.827	5190	0	280
2026.04.08	15:45:00	4755.613	4763.246	4754.806	4756.318	3215	0	280
2026.04.08	16:00:00	4756.630	4762.401	4753.820	4754.101	3699	0	280
2026.04.08	16:15:00	4754.320	4755.147	4745.421	4750.166	4642	0	280
2026.04.08	16:30:00	4750.232	4760.295	4747.946	4758.469	3328	0	280
2026.04.08	16:45:00	4758.585	4765.675	4756.634	4760.680	2522	0	280
2026.04.08	17:00:00	4760.612	4764.404	4756.344	4760.666	2529	0	280
2026.04.08	17:15:00	4761.021	4762.578	4745.456	4751.162	4937	0	280
2026.04.08	17:30:00	4751.028	4754.289	4736.180	4740.768	5866	0	280
2026.04.08	17:45:00	4740.509	4741.417	4731.543	4733.960	3505	0	280
2026.04.08	18:00:00	4734.136	4744.535	4727.416	4743.429	3121	0	280
2026.04.08	18:15:00	4743.721	4744.599	4716.621	4722.622	12838	0	280
2026.04.08	18:30:00	4722.688	4725.133	4708.093	4709.191	6482	0	280
2026.04.08	18:45:00	4709.424	4716.997	4703.402	4705.453	4693	0	280
2026.04.08	19:00:00	4705.228	4716.307	4699.471	4715.455	9319	0	280
2026.04.08	19:15:00	4715.691	4718.586	4707.355	4708.675	4089	0	280
2026.04.08	19:30:00	4708.614	4724.974	4707.847	4721.756	4294	0	280
2026.04.08	19:45:00	4722.042	4731.908	4721.451	4730.446	3435	0	280
2026.04.08	20:00:00	4730.555	4732.167	4726.309	4728.015	2147	0	280
2026.04.08	20:15:00	4728.033	4730.188	4721.773	4723.047	1569	0	280
2026.04.08	20:30:00	4723.203	4724.228	4721.037	4722.445	1113	0	280
2026.04.08	20:45:00	4722.443	4724.508	4716.963	4719.435	1581	0	280
2026.04.08	22:00:00	4729.081	4732.502	4709.406	4712.389	2272	0	360
2026.04.08	22:15:00	4712.049	4717.227	4704.709	4713.855	2461	0	280
2026.04.08	22:30:00	4713.636	4719.514	4706.123	4712.572	2223	0	280
2026.04.08	22:45:00	4712.631	4720.172	4711.720	4717.841	1542	0	280
2026.04.08	23:00:00	4717.763	4717.763	4705.260	4708.492	2239	0	280
2026.04.08	23:15:00	4708.778	4715.983	4705.816	4710.117	1848	0	280
2026.04.08	23:30:00	4710.065	4715.795	4707.063	4713.409	1420	0	280
2026.04.08	23:45:00	4713.179	4720.107	4712.542	4715.527	1533	0	280
2026.04.09	00:00:00	4715.597	4715.871	4698.047	4702.601	4745	0	280
2026.04.09	00:15:00	4702.543	4712.279	4700.800	4706.602	3525	0	280
2026.04.09	00:30:00	4706.515	4718.443	4705.519	4718.414	3239	0	280
2026.04.09	00:45:00	4718.473	4719.096	4705.828	4706.636	2987	0	280
2026.04.09	01:00:00	4706.578	4722.061	4699.513	4720.655	9410	0	280
2026.04.09	01:15:00	4720.794	4723.551	4702.784	4704.828	5558	0	280
2026.04.09	01:30:00	4704.725	4721.432	4703.789	4717.531	4653	0	280
2026.04.09	01:45:00	4717.358	4728.028	4717.358	4727.119	3068	0	280
2026.04.09	02:00:00	4727.183	4728.870	4721.144	4722.756	3104	0	280
2026.04.09	02:15:00	4723.116	4727.861	4722.389	4725.554	2035	0	280
2026.04.09	02:30:00	4725.494	4732.734	4725.168	4732.189	2626	0	280
2026.04.09	02:45:00	4732.129	4733.045	4717.511	4718.925	2875	0	280
2026.04.09	03:00:00	4718.864	4720.370	4711.396	4712.745	2754	0	280
2026.04.09	03:15:00	4712.671	4713.351	4705.174	4712.424	3260	0	280
2026.04.09	03:30:00	4712.483	4714.927	4711.706	4714.503	1598	0	280
2026.04.09	03:45:00	4714.886	4714.943	4706.566	4711.350	2666	0	280
2026.04.09	04:00:00	4711.357	4722.397	4709.708	4721.782	1789	0	280
2026.04.09	04:15:00	4721.842	4723.427	4716.976	4717.154	1457	0	280
2026.04.09	04:30:00	4717.157	4723.612	4714.302	4720.904	1856	0	280
2026.04.09	04:45:00	4720.924	4725.531	4719.880	4720.947	1640	0	280
2026.04.09	05:00:00	4721.007	4723.601	4710.564	4713.737	2217	0	280
2026.04.09	05:15:00	4714.029	4726.671	4713.072	4726.130	2342	0	280
2026.04.09	05:30:00	4726.188	4726.422	4716.141	4723.600	3790	0	280
2026.04.09	05:45:00	4723.583	4724.111	4705.630	4713.369	3855	0	280
2026.04.09	06:00:00	4713.354	4725.372	4711.450	4719.440	3194	0	280
2026.04.09	06:15:00	4719.114	4721.904	4712.482	4718.490	3169	0	280
2026.04.09	06:30:00	4718.253	4723.231	4711.869	4713.861	3608	0	280
2026.04.09	06:45:00	4713.482	4715.152	4703.355	4712.653	4251	0	280
2026.04.09	07:00:00	4712.590	4730.460	4708.599	4724.254	4471	0	280
2026.04.09	07:15:00	4724.187	4724.582	4705.672	4708.653	4188	0	280
2026.04.09	07:30:00	4708.712	4731.249	4708.712	4722.719	4676	0	280
2026.04.09	07:45:00	4722.808	4724.681	4711.670	4724.185	3518	0	280
2026.04.09	08:00:00	4724.323	4726.428	4719.762	4724.082	2839	0	280
2026.04.09	08:15:00	4723.756	4727.886	4720.843	4721.387	2540	0	280
2026.04.09	08:30:00	4721.324	4733.159	4720.177	4729.560	2683	0	280
2026.04.09	08:45:00	4729.995	4733.207	4725.931	4726.270	2442	0	280
2026.04.09	09:00:00	4726.064	4733.204	4723.014	4730.680	2505	0	280
2026.04.09	09:15:00	4731.015	4733.403	4728.676	4729.843	1942	0	280
2026.04.09	09:30:00	4729.502	4732.535	4726.581	4726.936	2095	0	280
2026.04.09	09:45:00	4726.936	4730.599	4723.654	4729.201	2248	0	280
2026.04.09	10:00:00	4729.055	4732.955	4725.850	4727.378	2122	0	280
2026.04.09	10:15:00	4727.445	4739.705	4723.393	4737.992	2959	0	280
2026.04.09	10:30:00	4738.050	4741.377	4736.323	4740.563	2247	0	280
2026.04.09	10:45:00	4740.505	4746.665	4739.132	4741.118	2720	0	280
2026.04.09	11:00:00	4740.942	4744.110	4738.365	4739.280	2359	0	280
2026.04.09	11:15:00	4739.341	4747.526	4738.668	4745.576	2077	0	280
2026.04.09	11:30:00	4745.596	4751.431	4743.020	4751.007	2402	0	280
2026.04.09	11:45:00	4751.064	4757.551	4750.599	4756.369	2277	0	280
2026.04.09	12:00:00	4756.433	4759.900	4741.808	4742.419	3017	0	280
2026.04.09	12:15:00	4742.679	4744.315	4734.765	4737.767	3669	0	280
2026.04.09	12:30:00	4737.613	4748.125	4735.247	4743.638	4463	0	280
2026.04.09	12:45:00	4743.640	4747.144	4737.513	4745.922	3542	0	280
2026.04.09	13:00:00	4745.979	4756.829	4738.562	4754.545	6164	0	280
2026.04.09	13:15:00	4754.607	4758.548	4751.582	4752.627	3749	0	280
2026.04.09	13:30:00	4752.814	4777.191	4750.465	4775.553	8180	0	280
2026.04.09	13:45:00	4775.626	4776.802	4759.603	4764.463	5997	0	280
2026.04.09	14:00:00	4764.533	4776.275	4761.756	4770.786	6712	0	280
2026.04.09	14:15:00	4770.921	4773.039	4760.077	4765.295	4862	0	280
2026.04.09	14:30:00	4765.502	4767.558	4747.035	4756.169	5947	0	280
2026.04.09	14:45:00	4756.103	4769.000	4755.010	4768.228	3990	0	280
2026.04.09	15:00:00	4768.287	4770.250	4761.186	4768.913	3900	0	280
2026.04.09	15:15:00	4768.972	4786.459	4768.972	4778.925	5255	0	280
2026.04.09	15:30:00	4779.045	4797.975	4778.193	4790.402	8385	0	280
2026.04.09	15:45:00	4790.460	4794.396	4784.036	4792.873	5312	0	280
2026.04.09	16:00:00	4792.926	4801.139	4787.910	4788.368	4742	0	280
2026.04.09	16:15:00	4788.301	4797.572	4787.641	4792.579	3553	0	280
2026.04.09	16:30:00	4792.646	4795.294	4785.876	4787.525	3279	0	280
2026.04.09	16:45:00	4787.585	4791.250	4784.167	4788.674	3027	0	280
2026.04.09	17:00:00	4788.734	4794.232	4786.625	4793.037	2688	0	280
2026.04.09	17:15:00	4792.963	4798.443	4790.104	4792.996	2666	0	280
2026.04.09	17:30:00	4793.072	4801.259	4787.510	4795.408	3251	0	280
2026.04.09	17:45:00	4795.091	4801.073	4795.091	4797.897	2250	0	280
2026.04.09	18:00:00	4797.550	4798.212	4780.446	4783.663	5331	0	280
2026.04.09	18:15:00	4784.017	4788.466	4777.676	4782.266	3916	0	280
2026.04.09	18:30:00	4782.052	4782.224	4768.444	4770.483	4107	0	280
2026.04.09	18:45:00	4770.560	4775.209	4767.530	4772.256	3329	0	280
2026.04.09	19:00:00	4772.190	4782.662	4769.042	4779.492	4792	0	280
2026.04.09	19:15:00	4779.856	4780.789	4772.298	4773.450	2303	0	280
2026.04.09	19:30:00	4773.802	4778.097	4769.365	4772.280	2499	0	280
2026.04.09	19:45:00	4772.310	4774.035	4766.826	4768.886	14990	0	280
2026.04.09	20:00:00	4768.944	4771.580	4767.086	4769.742	1445	0	280
2026.04.09	20:15:00	4770.094	4773.449	4766.012	4770.082	1233	0	280
2026.04.09	20:30:00	4770.094	4771.625	4760.719	4764.025	2119	0	280
2026.04.09	20:45:00	4764.100	4768.970	4763.526	4765.039	1171	0	280
2026.04.09	22:00:00	4779.021	4779.455	4766.115	4770.300	1801	0	280
2026.04.09	22:15:00	4769.958	4770.996	4763.932	4764.428	1480	0	280
2026.04.09	22:30:00	4764.652	4767.399	4759.096	4761.377	1628	0	280
2026.04.09	22:45:00	4761.430	4764.405	4758.624	4764.035	1317	0	280
2026.04.09	23:00:00	4764.068	4764.238	4757.041	4759.399	1459	0	280
2026.04.09	23:15:00	4759.426	4761.634	4756.732	4758.433	868	0	280
2026.04.09	23:30:00	4758.139	4762.932	4758.139	4760.192	1156	0	280
2026.04.09	23:45:00	4760.164	4764.258	4758.656	4763.598	1286	0	280
2026.04.10	00:00:00	4763.661	4763.661	4750.746	4753.811	3713	0	280
2026.04.10	00:15:00	4753.973	4758.525	4751.021	4753.899	3074	0	280
2026.04.10	00:30:00	4753.959	4761.112	4753.529	4755.683	2203	0	280
2026.04.10	00:45:00	4755.526	4763.147	4754.544	4762.731	1986	0	280
2026.04.10	01:00:00	4762.794	4767.242	4758.012	4760.785	4617	0	280
2026.04.10	01:15:00	4760.429	4765.205	4757.939	4762.237	3151	0	280
2026.04.10	01:30:00	4762.450	4777.177	4760.354	4771.969	3763	0	280
2026.04.10	01:45:00	4771.901	4773.291	4760.277	4764.649	3341	0	280
2026.04.10	02:00:00	4764.711	4765.402	4748.297	4752.388	3834	0	280
2026.04.10	02:15:00	4752.171	4754.180	4742.037	4744.658	3270	0	280
2026.04.10	02:30:00	4744.648	4750.055	4737.851	4749.716	3398	0	280
2026.04.10	02:45:00	4749.773	4753.577	4747.309	4752.907	2432	0	280
2026.04.10	03:00:00	4752.843	4761.688	4752.749	4759.933	2369	0	280
2026.04.10	03:15:00	4759.874	4762.211	4754.899	4756.215	2116	0	280
2026.04.10	03:30:00	4756.151	4768.581	4755.741	4765.144	2040	0	280
2026.04.10	03:45:00	4765.130	4769.432	4763.853	4766.328	1732	0	280
2026.04.10	04:00:00	4766.683	4768.205	4764.695	4767.075	1227	0	280
2026.04.10	04:15:00	4767.041	4770.926	4765.254	4765.699	1344	0	280
2026.04.10	04:30:00	4765.556	4765.745	4761.469	4762.526	1478	0	280
2026.04.10	04:45:00	4762.601	4765.545	4758.022	4758.700	1442	0	280
2026.04.10	05:00:00	4758.690	4763.294	4757.436	4759.989	1977	0	280
2026.04.10	05:15:00	4759.694	4763.886	4758.488	4759.886	1548	0	280
2026.04.10	05:30:00	4759.843	4768.281	4759.120	4764.630	3005	0	280
2026.04.10	05:45:00	4764.694	4769.306	4764.444	4766.126	2042	0	280
2026.04.10	06:00:00	4765.925	4765.925	4755.462	4756.360	2716	0	280
2026.04.10	06:15:00	4756.300	4757.570	4751.599	4755.254	2724	0	280
2026.04.10	06:30:00	4755.314	4758.382	4749.448	4751.127	2914	0	280
2026.04.10	06:45:00	4751.077	4754.167	4742.723	4746.287	3203	0	280
2026.04.10	07:00:00	4746.230	4752.749	4741.217	4747.111	2748	0	280
2026.04.10	07:15:00	4747.170	4756.192	4746.151	4753.771	2068	0	280
2026.04.10	07:30:00	4753.834	4757.456	4751.483	4754.293	1848	0	280
2026.04.10	07:45:00	4754.228	4755.034	4748.344	4749.804	1846	0	280
2026.04.10	08:00:00	4749.841	4753.242	4747.003	4749.927	2574	0	280
2026.04.10	08:15:00	4749.985	4750.085	4742.162	4746.888	2471	0	280
2026.04.10	08:30:00	4746.812	4752.236	4740.937	4742.209	2064	0	280
2026.04.10	08:45:00	4742.272	4744.050	4730.580	4740.860	3775	0	280
2026.04.10	09:00:00	4740.639	4746.917	4740.490	4746.891	2102	0	280
2026.04.10	09:15:00	4746.897	4760.708	4744.414	4748.639	5428	0	280
2026.04.10	09:30:00	4748.767	4750.958	4746.079	4750.340	2570	0	280
2026.04.10	09:45:00	4750.463	4753.361	4747.911	4751.380	1703	0	280
2026.04.10	10:00:00	4751.455	4753.584	4742.160	4747.041	2088	0	280
2026.04.10	10:15:00	4747.333	4760.681	4746.500	4757.920	2093	0	280
2026.04.10	10:30:00	4757.977	4759.646	4753.571	4755.583	1615	0	280
2026.04.10	10:45:00	4755.583	4759.755	4753.869	4757.242	1667	0	280
2026.04.10	11:00:00	4756.945	4759.719	4753.152	4755.732	1794	0	280
2026.04.10	11:15:00	4755.376	4762.529	4754.170	4761.504	1815	0	280
2026.04.10	11:30:00	4761.504	4767.040	4758.513	4767.040	1763	0	280
2026.04.10	11:45:00	4767.015	4768.742	4762.693	4768.063	2259	0	280
2026.04.10	12:00:00	4768.127	4769.983	4763.552	4766.562	2733	0	280
2026.04.10	12:15:00	4766.572	4771.325	4759.706	4762.139	3391	0	160
2026.04.10	12:30:00	4762.352	4782.306	4761.348	4772.737	6168	0	160
2026.04.10	12:45:00	4772.801	4774.191	4763.570	4771.948	3894	0	280
2026.04.10	13:00:00	4771.879	4777.691	4767.772	4772.611	4838	0	280
2026.04.10	13:15:00	4772.689	4780.419	4766.175	4775.896	3973	0	280
2026.04.10	13:30:00	4775.962	4778.790	4764.888	4769.025	8172	0	280
2026.04.10	13:45:00	4769.127	4777.947	4765.949	4775.170	5128	0	280
2026.04.10	14:00:00	4775.338	4780.635	4767.520	4779.985	5471	0	280
2026.04.10	14:15:00	4780.045	4792.868	4778.881	4790.510	5413	0	280
2026.04.10	14:30:00	4790.419	4795.181	4773.980	4780.967	5176	0	280
2026.04.10	14:45:00	4781.028	4783.409	4770.755	4774.898	6238	0	280
2026.04.10	15:00:00	4774.970	4784.046	4769.524	4781.620	4257	0	280
2026.04.10	15:15:00	4781.970	4787.344	4775.891	4776.167	3191	0	280
2026.04.10	15:30:00	4776.226	4778.554	4754.903	4766.078	7199	0	280
2026.04.10	15:45:00	4765.726	4769.747	4758.497	4761.964	4927	0	280
2026.04.10	16:00:00	4762.231	4763.495	4747.358	4763.009	5811	0	280
2026.04.10	16:15:00	4762.938	4765.085	4754.317	4758.272	3702	0	280
2026.04.10	16:30:00	4758.361	4765.462	4756.246	4756.955	3416	0	280
2026.04.10	16:45:00	4757.015	4766.059	4756.125	4763.934	2923	0	280
2026.04.10	17:00:00	4763.869	4766.236	4758.077	4764.475	2755	0	280
2026.04.10	17:15:00	4764.416	4768.683	4761.081	4762.907	2852	0	280
2026.04.10	17:30:00	4762.966	4765.673	4758.042	4759.212	2959	0	280
2026.04.10	17:45:00	4759.139	4764.983	4758.718	4760.409	2018	0	280
2026.04.10	18:00:00	4760.474	4763.866	4750.793	4763.345	3077	0	280
2026.04.10	18:15:00	4763.341	4769.363	4762.610	4765.696	2511	0	280
2026.04.10	18:30:00	4765.756	4773.186	4765.756	4768.234	2373	0	280
2026.04.10	18:45:00	4768.012	4768.346	4762.992	4765.066	1811	0	280
2026.04.10	19:00:00	4765.134	4768.193	4764.271	4766.956	1899	0	280
2026.04.10	19:15:00	4766.899	4770.494	4762.985	4763.485	1853	0	280
2026.04.10	19:30:00	4763.584	4765.536	4760.699	4763.639	1951	0	280
2026.04.10	19:45:00	4763.958	4764.575	4758.361	4759.694	2330	0	280
2026.04.10	20:00:00	4759.784	4760.076	4751.506	4753.401	1766	0	280
2026.04.10	20:15:00	4753.541	4753.541	4740.834	4745.692	2069	0	280
2026.04.10	20:30:00	4745.633	4752.209	4745.052	4751.254	1502	0	280
2026.04.10	20:45:00	4751.194	4752.435	4746.787	4749.370	1874	0	280
2026.04.12	22:00:00	4670.232	4685.131	4666.605	4676.886	2971	0	360
2026.04.12	22:15:00	4676.772	4682.874	4644.070	4647.626	5284	0	280
2026.04.12	22:30:00	4647.681	4658.890	4645.090	4657.969	3895	0	280
2026.04.12	22:45:00	4657.987	4660.238	4651.748	4658.851	2136	0	280
2026.04.12	23:00:00	4658.852	4660.678	4651.678	4659.389	2484	0	280
2026.04.12	23:15:00	4659.391	4660.004	4644.259	4653.236	2616	0	280
2026.04.12	23:30:00	4653.187	4660.002	4650.035	4655.857	1976	0	280
2026.04.12	23:45:00	4655.860	4671.787	4655.510	4671.545	2639	0	280
2026.04.13	00:00:00	4671.187	4673.324	4664.495	4672.412	4448	0	280
2026.04.13	00:15:00	4672.355	4676.126	4669.037	4673.104	3600	0	280
2026.04.13	00:30:00	4673.163	4682.913	4670.894	4678.563	3273	0	280
2026.04.13	00:45:00	4678.657	4698.666	4677.952	4695.368	3415	0	280
2026.04.13	01:00:00	4695.309	4719.542	4693.565	4714.857	10123	0	280
2026.04.13	01:15:00	4714.973	4721.346	4711.090	4717.266	4964	0	280
2026.04.13	01:30:00	4717.220	4721.500	4710.788	4714.386	5086	0	280
2026.04.13	01:45:00	4714.311	4727.945	4710.117	4721.132	4539	0	280
2026.04.13	02:00:00	4721.373	4725.905	4718.896	4722.410	3643	0	280
2026.04.13	02:15:00	4722.352	4724.454	4719.161	4720.070	2436	0	280
2026.04.13	02:30:00	4720.049	4728.025	4715.088	4715.539	3775	0	280
2026.04.13	02:45:00	4715.506	4721.630	4711.327	4720.604	2782	0	280
2026.04.13	03:00:00	4720.246	4721.555	4712.172	4713.667	2318	0	280
2026.04.13	03:15:00	4713.862	4720.951	4712.797	4718.763	2148	0	280
2026.04.13	03:30:00	4718.707	4723.844	4717.503	4721.947	1764	0	280
2026.04.13	03:45:00	4722.281	4722.514	4717.174	4718.290	1492	0	280
2026.04.13	04:00:00	4718.269	4718.550	4708.058	4714.440	1844	0	280
2026.04.13	04:15:00	4714.439	4715.882	4709.434	4712.449	1638	0	280
2026.04.13	04:30:00	4712.509	4719.526	4708.779	4718.617	1941	0	280
2026.04.13	04:45:00	4718.522	4725.098	4716.057	4723.002	1899	0	280
2026.04.13	05:00:00	4723.047	4726.139	4718.556	4719.344	2098	0	280
2026.04.13	05:15:00	4719.333	4721.357	4716.297	4720.254	1818	0	280
2026.04.13	05:30:00	4720.217	4724.865	4717.998	4721.338	3066	0	280
2026.04.13	05:45:00	4720.972	4730.783	4720.637	4729.539	2856	0	280
2026.04.13	06:00:00	4729.286	4729.815	4723.399	4726.161	3322	0	280
2026.04.13	06:15:00	4726.249	4732.009	4725.212	4731.506	2900	0	280
2026.04.13	06:30:00	4731.569	4732.760	4725.378	4726.409	2647	0	280
2026.04.13	06:45:00	4726.168	4726.472	4720.681	4725.437	2558	0	280
2026.04.13	07:00:00	4725.499	4738.494	4725.002	4728.337	3878	0	280
2026.04.13	07:15:00	4728.010	4732.700	4726.434	4730.662	2544	0	280
2026.04.13	07:30:00	4730.806	4733.682	4727.332	4732.132	2164	0	280
2026.04.13	07:45:00	4732.102	4740.070	4728.173	4733.802	3310	0	280
2026.04.13	08:00:00	4733.816	4738.714	4732.276	4732.916	2960	0	280
2026.04.13	08:15:00	4732.926	4734.420	4730.063	4732.163	2175	0	280
2026.04.13	08:30:00	4732.141	4736.143	4720.662	4721.449	2633	0	280
2026.04.13	08:45:00	4721.526	4729.887	4720.019	4723.525	2784	0	280
2026.04.13	09:00:00	4723.493	4728.664	4716.051	4719.163	3437	0	280
2026.04.13	09:15:00	4719.262	4721.394	4713.937	4715.179	2430	0	280
2026.04.13	09:30:00	4714.942	4720.071	4710.549	4714.136	2932	0	280
2026.04.13	09:45:00	4714.069	4716.727	4711.046	4714.776	1847	0	280
2026.04.13	10:00:00	4714.794	4718.972	4713.632	4717.683	1939	0	280
2026.04.13	10:15:00	4717.749	4717.878	4708.124	4712.310	2207	0	280
2026.04.13	10:30:00	4712.619	4718.551	4711.589	4717.827	1880	0	280
2026.04.13	10:45:00	4717.805	4723.875	4717.286	4721.993	2124	0	280
2026.04.13	11:00:00	4721.927	4729.190	4719.960	4721.608	3024	0	280
2026.04.13	11:15:00	4721.290	4723.597	4718.492	4721.189	2058	0	280
2026.04.13	11:30:00	4720.892	4722.442	4703.847	4707.695	3527	0	280
2026.04.13	11:45:00	4707.617	4712.079	4703.510	4706.608	4076	0	280
2026.04.13	12:00:00	4706.698	4720.221	4703.629	4717.059	4534	0	280
2026.04.13	12:15:00	4717.132	4717.949	4703.641	4710.451	3433	0	280
2026.04.13	12:30:00	4710.392	4716.393	4708.853	4715.629	3541	0	280
2026.04.13	12:45:00	4715.569	4725.171	4715.279	4723.534	3369	0	280
2026.04.13	13:00:00	4723.568	4736.176	4722.791	4734.082	6211	0	280
2026.04.13	13:15:00	4734.139	4737.577	4728.991	4733.064	3326	0	280
2026.04.13	13:30:00	4733.124	4737.511	4724.431	4726.772	6177	0	280
2026.04.13	13:45:00	4727.126	4744.585	4721.125	4730.502	13667	0	280
2026.04.13	14:00:00	4730.433	4731.419	4720.371	4727.098	6180	0	280
2026.04.13	14:15:00	4727.171	4728.168	4709.420	4715.534	8535	0	280
2026.04.13	14:30:00	4715.313	4722.522	4708.796	4721.576	4948	0	280
2026.04.13	14:45:00	4721.519	4723.426	4710.027	4719.179	4599	0	280
2026.04.13	15:00:00	4718.903	4719.900	4700.124	4707.634	7360	0	280
2026.04.13	15:15:00	4707.754	4711.640	4702.849	4703.875	4133	0	280
2026.04.13	15:30:00	4703.638	4718.151	4702.138	4712.611	4251	0	280
2026.04.13	15:45:00	4712.534	4715.647	4710.854	4714.638	2801	0	280
2026.04.13	16:00:00	4714.288	4720.968	4709.405	4719.588	5156	0	280
2026.04.13	16:15:00	4719.615	4733.797	4718.641	4730.450	5438	0	280
2026.04.13	16:30:00	4730.360	4740.637	4728.629	4740.140	7833	0	280
2026.04.13	16:45:00	4740.203	4746.286	4732.062	4733.091	5948	0	280
2026.04.13	17:00:00	4733.117	4738.382	4725.632	4730.749	3441	0	280
2026.04.13	17:15:00	4730.809	4749.876	4729.558	4743.243	4449	0	280
2026.04.13	17:30:00	4743.183	4747.555	4742.450	4743.863	2620	0	280
2026.04.13	17:45:00	4744.148	4744.148	4727.213	4730.032	3019	0	280
2026.04.13	18:00:00	4730.077	4733.067	4728.747	4730.290	2203	0	280
2026.04.13	18:15:00	4730.221	4731.079	4723.035	4727.163	2500	0	280
2026.04.13	18:30:00	4727.103	4735.339	4726.720	4733.346	2176	0	280
2026.04.13	18:45:00	4733.344	4740.796	4733.344	4738.262	2414	0	280
2026.04.13	19:00:00	4738.189	4739.632	4730.597	4734.698	2169	0	280
2026.04.13	19:15:00	4734.636	4743.901	4734.636	4743.108	1646	0	280
2026.04.13	19:30:00	4743.058	4747.508	4739.220	4741.640	2073	0	280
2026.04.13	19:45:00	4741.930	4745.877	4739.336	4741.283	2884	0	280
2026.04.13	20:00:00	4741.046	4744.256	4739.761	4742.501	1415	0	280
2026.04.13	20:15:00	4742.565	4743.865	4738.453	4739.381	1028	0	280
2026.04.13	20:30:00	4739.471	4740.657	4738.370	4739.752	923	0	280
2026.04.13	20:45:00	4739.693	4741.818	4738.174	4741.100	940	0	280
2026.04.13	22:00:00	4750.803	4752.709	4746.517	4748.524	1673	0	280
2026.04.13	22:15:00	4748.530	4749.725	4745.931	4748.391	1083	0	280
2026.04.13	22:30:00	4748.391	4750.548	4746.285	4750.548	1095	0	280
2026.04.13	22:45:00	4750.286	4759.440	4748.933	4757.829	1461	0	280
2026.04.13	23:00:00	4757.766	4766.045	4757.766	4762.796	1703	0	280
2026.04.13	23:15:00	4762.738	4763.474	4754.719	4755.421	1174	0	280
2026.04.13	23:30:00	4755.427	4761.600	4754.333	4759.274	1241	0	280
2026.04.13	23:45:00	4759.539	4761.710	4756.487	4757.511	1262	0	280
2026.04.14	00:00:00	4757.699	4760.538	4751.483	4759.722	3316	0	280
2026.04.14	00:15:00	4759.551	4767.578	4759.551	4762.210	2968	0	280
2026.04.14	00:30:00	4762.306	4775.851	4761.169	4770.561	2957	0	280
2026.04.14	00:45:00	4770.498	4772.088	4768.324	4769.651	2116	0	280
2026.04.14	01:00:00	4769.594	4777.063	4762.531	4775.746	5707	0	280
2026.04.14	01:15:00	4775.804	4776.799	4769.643	4770.533	3441	0	280
2026.04.14	01:30:00	4770.461	4773.123	4764.043	4772.689	3142	0	280
2026.04.14	01:45:00	4772.750	4773.726	4761.684	4764.591	2755	0	280
2026.04.14	02:00:00	4764.507	4771.097	4762.796	4768.143	2780	0	280
2026.04.14	02:15:00	4768.086	4772.369	4767.597	4768.559	1436	0	280
2026.04.14	02:30:00	4768.794	4772.596	4762.137	4772.083	2795	0	280
2026.04.14	02:45:00	4772.142	4777.353	4772.015	4774.928	1904	0	280
2026.04.14	03:00:00	4774.962	4775.629	4768.584	4768.882	1816	0	280
2026.04.14	03:15:00	4769.237	4771.407	4765.767	4768.448	1895	0	280
2026.04.14	03:30:00	4768.502	4769.524	4765.632	4767.726	1374	0	280
2026.04.14	03:45:00	4767.724	4771.856	4767.308	4768.173	1114	0	280
2026.04.14	04:00:00	4768.253	4770.507	4766.842	4768.592	1025	0	280
2026.04.14	04:15:00	4768.574	4776.887	4768.435	4775.792	1180	0	280
2026.04.14	04:30:00	4775.850	4776.232	4771.578	4773.361	1095	0	280
2026.04.14	04:45:00	4773.288	4776.005	4772.460	4774.231	1103	0	280
2026.04.14	05:00:00	4774.263	4774.333	4763.493	4765.323	1870	0	280
2026.04.14	05:15:00	4765.692	4768.165	4761.394	4764.623	1596	0	280
2026.04.14	05:30:00	4764.566	4767.357	4757.965	4761.171	3460	0	280
2026.04.14	05:45:00	4761.111	4766.584	4759.287	4760.172	2393	0	280
2026.04.14	06:00:00	4760.162	4769.826	4759.944	4765.854	2874	0	280
2026.04.14	06:15:00	4765.793	4768.063	4763.376	4767.450	1788	0	280
2026.04.14	06:30:00	4767.472	4770.377	4764.230	4769.403	1858	0	280
2026.04.14	06:45:00	4769.699	4783.105	4768.805	4781.951	3320	0	280
2026.04.14	07:00:00	4782.023	4796.449	4780.914	4790.051	5244	0	280
2026.04.14	07:15:00	4789.989	4791.654	4767.815	4772.723	4358	0	280
2026.04.14	07:30:00	4772.646	4779.530	4771.593	4777.788	2672	0	280
2026.04.14	07:45:00	4777.731	4780.593	4774.078	4777.057	3003	0	280
2026.04.14	08:00:00	4776.984	4782.604	4774.071	4780.085	3003	0	280
2026.04.14	08:15:00	4780.190	4786.385	4775.666	4785.830	2718	0	280
2026.04.14	08:30:00	4785.892	4789.832	4782.592	4784.955	2317	0	280
2026.04.14	08:45:00	4785.015	4786.573	4781.342	4786.552	1922	0	280
2026.04.14	09:00:00	4786.993	4788.109	4780.486	4785.837	1909	0	280
2026.04.14	09:15:00	4785.548	4789.126	4778.450	4778.727	2085	0	280
2026.04.14	09:30:00	4778.799	4779.770	4771.297	4778.182	2930	0	280
2026.04.14	09:45:00	4778.201	4782.257	4772.969	4778.362	2228	0	280
2026.04.14	10:00:00	4778.234	4784.877	4778.234	4782.012	1948	0	280
2026.04.14	10:15:00	4782.005	4788.094	4780.615	4783.726	1912	0	280
2026.04.14	10:30:00	4784.044	4784.606	4751.685	4767.216	4298	0	280
2026.04.14	10:45:00	4767.152	4772.357	4766.785	4768.552	2226	0	280
2026.04.14	11:00:00	4768.487	4776.972	4766.694	4776.484	2446	0	280
2026.04.14	11:15:00	4776.561	4783.045	4774.867	4778.300	1856	0	280
2026.04.14	11:30:00	4777.919	4779.849	4773.034	4778.124	2023	0	280
2026.04.14	11:45:00	4777.892	4782.850	4770.256	4775.049	3372	0	280
2026.04.14	12:00:00	4775.106	4777.535	4768.773	4770.010	3386	0	280
2026.04.14	12:15:00	4770.081	4772.457	4762.274	4768.524	3694	0	280
2026.04.14	12:30:00	4768.800	4776.402	4768.182	4768.492	3652	0	280
2026.04.14	12:45:00	4768.920	4773.743	4762.194	4771.488	3781	0	280
2026.04.14	13:00:00	4771.118	4781.903	4770.971	4781.675	4143	0	280
2026.04.14	13:15:00	4781.606	4792.339	4780.923	4782.998	4288	0	280
2026.04.14	13:30:00	4782.771	4803.445	4780.260	4792.946	8396	0	280
2026.04.14	13:45:00	4792.882	4796.176	4788.959	4794.430	4536	0	280
2026.04.14	14:00:00	4794.493	4803.778	4792.764	4794.942	6069	0	280
2026.04.14	14:15:00	4795.001	4810.505	4795.001	4809.110	4977	0	280
2026.04.14	14:30:00	4809.173	4817.859	4798.274	4798.726	4983	0	280
2026.04.14	14:45:00	4798.789	4806.720	4795.225	4803.974	4056	0	280
2026.04.14	15:00:00	4803.743	4804.037	4791.074	4794.448	4840	0	280
2026.04.14	15:15:00	4794.734	4805.892	4792.974	4802.424	3561	0	280
2026.04.14	15:30:00	4802.484	4813.760	4802.347	4809.194	3624	0	280
2026.04.14	15:45:00	4809.263	4816.172	4806.506	4807.993	3079	0	280
2026.04.14	16:00:00	4808.024	4814.087	4804.901	4809.590	2805	0	280
2026.04.14	16:15:00	4809.482	4819.146	4806.992	4816.282	3186	0	280
2026.04.14	16:30:00	4816.312	4820.396	4813.523	4815.255	2451	0	280
2026.04.14	16:45:00	4815.107	4818.904	4809.039	4810.245	2360	0	280
2026.04.14	17:00:00	4810.247	4833.647	4809.293	4827.200	4258	0	280
2026.04.14	17:15:00	4827.265	4831.841	4824.803	4825.671	2596	0	280
2026.04.14	17:30:00	4825.434	4841.515	4824.973	4836.758	3092	0	280
2026.04.14	17:45:00	4836.736	4839.835	4834.292	4835.191	2056	0	280
2026.04.14	18:00:00	4835.131	4843.424	4834.166	4838.629	2242	0	280
2026.04.14	18:15:00	4838.634	4840.093	4833.449	4837.641	2717	0	280
2026.04.14	18:30:00	4837.841	4839.107	4834.115	4834.588	1832	0	280
2026.04.14	18:45:00	4834.574	4836.558	4830.843	4835.745	1657	0	280
2026.04.14	19:00:00	4835.625	4842.504	4835.625	4840.866	1709	0	280
2026.04.14	19:15:00	4841.089	4842.172	4838.536	4840.759	1659	0	280
2026.04.14	19:30:00	4840.444	4843.648	4838.415	4840.836	1857	0	280
2026.04.14	19:45:00	4840.898	4846.313	4839.855	4844.587	2592	0	280
2026.04.14	20:00:00	4844.657	4846.013	4841.909	4842.941	1344	0	280
2026.04.14	20:15:00	4842.984	4843.362	4839.378	4840.602	893	0	280
2026.04.14	20:30:00	4840.462	4843.048	4839.800	4841.972	821	0	280
2026.04.14	20:45:00	4842.225	4843.281	4840.206	4840.739	920	0	360
2026.04.14	22:00:00	4839.629	4850.676	4838.166	4844.904	1930	0	360
2026.04.14	22:15:00	4844.964	4847.037	4836.340	4840.248	1302	0	360
2026.04.14	22:30:00	4840.218	4843.040	4837.578	4840.343	1253	0	360
2026.04.14	22:45:00	4840.408	4840.432	4833.170	4835.156	1218	0	280
2026.04.14	23:00:00	4835.096	4844.216	4833.648	4837.231	1287	0	280
2026.04.14	23:15:00	4837.311	4839.211	4834.815	4836.164	1378	0	280
2026.04.14	23:30:00	4835.777	4842.762	4835.302	4842.302	1949	0	280
2026.04.14	23:45:00	4842.139	4844.053	4836.151	4836.889	1504	0	280
2026.04.15	00:00:00	4836.946	4839.700	4831.460	4833.872	2600	0	280
2026.04.15	00:15:00	4833.755	4836.494	4828.483	4833.393	2199	0	280
2026.04.15	00:30:00	4833.457	4833.684	4827.245	4829.841	1780	0	280
2026.04.15	00:45:00	4830.193	4837.668	4829.124	4835.625	1827	0	280
2026.04.15	01:00:00	4835.578	4852.782	4828.169	4849.957	5421	0	280
2026.04.15	01:15:00	4849.897	4871.359	4842.164	4851.011	7452	0	280
2026.04.15	01:30:00	4850.944	4851.146	4842.380	4843.675	3954	0	280
2026.04.15	01:45:00	4843.738	4848.945	4839.798	4847.234	3363	0	280
2026.04.15	02:00:00	4846.867	4853.414	4844.645	4845.419	3455	0	280
2026.04.15	02:15:00	4845.355	4846.172	4832.275	4834.756	2596	0	280
2026.04.15	02:30:00	4834.818	4835.515	4821.333	4828.383	4969	0	280
2026.04.15	02:45:00	4828.310	4830.477	4820.304	4824.012	3755	0	280
2026.04.15	03:00:00	4823.710	4825.050	4816.714	4821.034	3643	0	280
2026.04.15	03:15:00	4821.093	4827.903	4820.491	4826.284	2153	0	280
2026.04.15	03:30:00	4826.222	4828.807	4825.304	4828.303	1483	0	280
2026.04.15	03:45:00	4828.241	4829.429	4823.741	4823.950	1420	0	280
2026.04.15	04:00:00	4824.125	4826.274	4820.466	4825.111	1538	0	280
2026.04.15	04:15:00	4825.130	4826.522	4821.243	4824.549	1248	0	280
2026.04.15	04:30:00	4824.765	4827.841	4823.293	4823.363	1127	0	280
2026.04.15	04:45:00	4823.577	4826.255	4821.210	4825.076	1337	0	280
2026.04.15	05:00:00	4824.760	4828.470	4822.457	4826.663	2484	0	280
2026.04.15	05:15:00	4826.604	4830.356	4824.364	4825.991	1999	0	280
2026.04.15	05:30:00	4825.933	4827.910	4812.471	4816.557	4843	0	280
2026.04.15	05:45:00	4816.618	4823.330	4814.078	4819.773	3250	0	280
2026.04.15	06:00:00	4819.855	4825.015	4816.464	4819.148	2702	0	280
2026.04.15	06:15:00	4819.211	4819.692	4813.455	4814.873	2410	0	280
2026.04.15	06:30:00	4814.522	4817.816	4811.056	4815.911	2608	0	280
2026.04.15	06:45:00	4816.205	4822.121	4810.942	4811.578	2521	0	280
2026.04.15	07:00:00	4811.871	4817.036	4803.836	4815.561	3479	0	280
2026.04.15	07:15:00	4815.623	4816.235	4805.484	4812.572	3207	0	280
2026.04.15	07:30:00	4812.575	4815.752	4808.518	4810.381	2712	0	280
2026.04.15	07:45:00	4810.400	4812.476	4806.001	4810.975	2958	0	280
2026.04.15	08:00:00	4810.912	4812.723	4804.620	4811.235	2947	0	280
2026.04.15	08:15:00	4811.674	4814.070	4806.009	4810.041	2716	0	280
2026.04.15	08:30:00	4809.689	4812.860	4805.440	4810.580	2560	0	280
2026.04.15	08:45:00	4810.509	4821.027	4809.746	4818.171	1913	0	280
2026.04.15	09:00:00	4818.110	4819.390	4792.416	4804.795	5026	0	280
2026.04.15	09:15:00	4804.854	4807.326	4797.416	4798.052	3045	0	280
2026.04.15	09:30:00	4797.984	4803.569	4795.235	4796.386	3096	0	280
2026.04.15	09:45:00	4796.319	4800.227	4786.049	4798.081	3494	0	280
2026.04.15	10:00:00	4798.191	4803.357	4795.291	4801.020	2491	0	280
2026.04.15	10:15:00	4801.045	4801.520	4789.982	4795.233	4739	0	280
2026.04.15	10:30:00	4794.870	4800.747	4793.095	4799.935	3419	0	280
2026.04.15	10:45:00	4800.196	4805.119	4799.461	4799.858	2359	0	280
2026.04.15	11:00:00	4800.212	4804.447	4795.585	4802.450	2271	0	280
2026.04.15	11:15:00	4802.446	4806.794	4799.555	4804.732	1932	0	280
2026.04.15	11:30:00	4804.805	4808.709	4802.505	4805.613	2065	0	280
2026.04.15	11:45:00	4805.604	4815.032	4803.948	4812.722	3820	0	280
2026.04.15	12:00:00	4812.655	4814.257	4806.953	4813.788	3080	0	280
2026.04.15	12:15:00	4813.882	4816.216	4810.221	4812.597	2864	0	280
2026.04.15	12:30:00	4812.514	4815.920	4810.197	4811.492	2173	0	280
2026.04.15	12:45:00	4811.787	4815.667	4808.195	4811.751	2313	0	280
2026.04.15	13:00:00	4811.688	4816.168	4808.426	4813.748	4321	0	280
2026.04.15	13:15:00	4814.148	4821.899	4809.879	4821.650	3195	0	280
2026.04.15	13:30:00	4821.590	4825.262	4815.629	4820.601	6546	0	280
2026.04.15	13:45:00	4820.659	4830.121	4819.771	4828.629	4765	0	280
2026.04.15	14:00:00	4828.542	4829.605	4820.290	4828.483	3950	0	280
2026.04.15	14:15:00	4828.448	4830.688	4822.388	4825.100	3505	0	280
2026.04.15	14:30:00	4825.169	4825.838	4815.231	4819.458	3614	0	280
2026.04.15	14:45:00	4819.238	4819.640	4813.354	4815.636	3331	0	280
2026.04.15	15:00:00	4815.705	4816.284	4800.103	4810.253	5402	0	280
2026.04.15	15:15:00	4809.901	4810.459	4797.498	4798.478	3998	0	280
2026.04.15	15:30:00	4798.378	4806.525	4786.692	4803.540	5281	0	280
2026.04.15	15:45:00	4803.607	4807.445	4799.295	4801.800	3246	0	280
2026.04.15	16:00:00	4801.734	4810.573	4800.323	4808.548	2775	0	280
2026.04.15	16:15:00	4808.489	4812.742	4805.299	4811.150	2552	0	280
2026.04.15	16:30:00	4811.139	4812.078	4802.862	4804.656	3176	0	280
2026.04.15	16:45:00	4804.592	4807.395	4800.007	4803.686	3275	0	280
2026.04.15	17:00:00	4803.746	4805.007	4797.698	4798.203	2480	0	280
2026.04.15	17:15:00	4798.269	4808.714	4798.041	4801.928	2597	0	280
2026.04.15	17:30:00	4801.841	4802.834	4792.134	4793.689	3071	0	280
2026.04.15	17:45:00	4793.680	4795.810	4790.795	4792.596	2185	0	280
2026.04.15	18:00:00	4792.385	4800.878	4789.933	4796.869	4197	0	280
2026.04.15	18:15:00	4796.801	4798.774	4792.691	4794.706	2072	0	280
2026.04.15	18:30:00	4794.764	4798.421	4794.727	4796.850	1624	0	280
2026.04.15	18:45:00	4796.832	4802.153	4796.764	4799.897	1770	0	280
2026.04.15	19:00:00	4799.544	4803.551	4798.063	4798.861	1847	0	280
2026.04.15	19:15:00	4798.841	4802.931	4797.733	4802.768	1470	0	280
2026.04.15	19:30:00	4802.710	4802.872	4795.198	4797.282	1694	0	280
2026.04.15	19:45:00	4797.218	4801.588	4794.349	4795.951	2240	0	280
2026.04.15	20:00:00	4796.010	4796.739	4792.626	4793.900	1265	0	280
2026.04.15	20:15:00	4793.892	4795.965	4793.248	4793.969	910	0	280
2026.04.15	20:30:00	4793.990	4793.990	4790.178	4790.711	934	0	280
2026.04.15	20:45:00	4790.940	4793.026	4787.612	4791.166	1296	0	280
2026.04.15	22:00:00	4797.162	4799.123	4791.120	4792.069	1147	0	360
2026.04.15	22:15:00	4792.074	4801.810	4791.624	4800.860	1196	0	280
2026.04.15	22:30:00	4800.933	4803.347	4799.235	4801.089	1042	0	280
2026.04.15	22:45:00	4801.089	4811.997	4800.999	4807.696	1327	0	280
2026.04.15	23:00:00	4807.675	4813.061	4807.617	4812.457	1068	0	280
2026.04.15	23:15:00	4812.430	4815.840	4812.176	4814.891	833	0	280
2026.04.15	23:30:00	4815.071	4824.301	4814.324	4823.014	1467	0	280
2026.04.15	23:45:00	4822.973	4826.637	4822.001	4823.572	1184	0	280
2026.04.16	00:00:00	4823.217	4831.274	4823.088	4829.925	1876	0	280
2026.04.16	00:15:00	4829.569	4830.932	4822.078	4824.858	2264	0	280
2026.04.16	00:30:00	4824.921	4837.601	4820.235	4832.326	2279	0	280
2026.04.16	00:45:00	4832.384	4837.391	4830.681	4832.853	1982	0	280
2026.04.16	01:00:00	4832.852	4836.495	4828.682	4829.938	3943	0	280
2026.04.16	01:15:00	4829.501	4830.525	4822.897	4823.801	2215	0	280
2026.04.16	01:30:00	4823.741	4825.688	4811.174	4816.023	3154	0	280
2026.04.16	01:45:00	4815.911	4822.205	4815.302	4818.061	2231	0	280
2026.04.16	02:00:00	4817.980	4825.014	4817.505	4821.501	2393	0	280
2026.04.16	02:15:00	4821.238	4823.462	4818.959	4819.282	1653	0	280
2026.04.16	02:30:00	4818.983	4821.421	4812.491	4817.393	2490	0	280
2026.04.16	02:45:00	4817.461	4821.102	4815.304	4819.499	2151	0	280
2026.04.16	03:00:00	4819.732	4826.992	4819.234	4826.662	1913	0	280
2026.04.16	03:15:00	4826.592	4826.592	4822.714	4823.964	1545	0	280
2026.04.16	03:30:00	4823.672	4825.946	4818.997	4820.408	1505	0	280
2026.04.16	03:45:00	4820.247	4826.596	4820.247	4824.174	1081	0	280
2026.04.16	04:00:00	4824.174	4827.315	4822.846	4826.591	1259	0	280
2026.04.16	04:15:00	4826.598	4830.071	4825.753	4826.250	1279	0	280
2026.04.16	04:30:00	4826.541	4831.406	4824.920	4830.368	1171	0	280
2026.04.16	04:45:00	4830.368	4833.548	4829.354	4832.780	994	0	280
2026.04.16	05:00:00	4832.838	4838.371	4832.670	4834.241	1797	0	280
2026.04.16	05:15:00	4834.179	4836.034	4831.627	4833.083	1379	0	280
2026.04.16	05:30:00	4833.145	4833.742	4824.510	4825.362	2698	0	280
2026.04.16	05:45:00	4825.295	4829.202	4821.023	4821.392	2632	0	280
2026.04.16	06:00:00	4821.463	4827.520	4821.181	4822.842	2455	0	280
2026.04.16	06:15:00	4822.911	4824.989	4814.166	4816.297	3072	0	280
2026.04.16	06:30:00	4816.370	4824.582	4814.792	4823.904	3072	0	280
2026.04.16	06:45:00	4823.879	4830.425	4822.373	4826.134	3065	0	280
2026.04.16	07:00:00	4826.192	4831.046	4823.302	4825.102	3291	0	280
2026.04.16	07:15:00	4825.194	4829.275	4816.901	4828.013	3708	0	280
2026.04.16	07:30:00	4828.072	4830.076	4824.485	4827.305	1940	0	280
2026.04.16	07:45:00	4827.585	4828.085	4819.384	4821.228	2060	0	280
2026.04.16	08:00:00	4821.220	4821.843	4807.398	4811.775	3591	0	280
2026.04.16	08:15:00	4811.561	4814.705	4809.366	4811.648	2539	0	280
2026.04.16	08:30:00	4811.322	4813.426	4806.397	4811.951	2231	0	280
2026.04.16	08:45:00	4811.959	4814.686	4808.087	4813.548	1874	0	280
2026.04.16	09:00:00	4813.578	4817.836	4811.785	4816.321	1582	0	280
2026.04.16	09:15:00	4816.019	4817.040	4811.011	4813.235	1860	0	280
2026.04.16	09:30:00	4813.245	4814.827	4806.781	4814.597	2788	0	280
2026.04.16	09:45:00	4814.538	4815.304	4810.225	4812.597	2086	0	280
2026.04.16	10:00:00	4812.609	4815.390	4806.853	4807.153	1914	0	280
2026.04.16	10:15:00	4807.122	4810.017	4804.978	4807.192	1638	0	280
2026.04.16	10:30:00	4807.199	4812.288	4804.982	4808.494	1862	0	280
2026.04.16	10:45:00	4808.486	4817.333	4806.526	4817.010	2008	0	280
2026.04.16	11:00:00	4817.076	4820.468	4816.209	4817.600	2014	0	280
2026.04.16	11:15:00	4817.664	4819.910	4815.469	4815.876	1442	0	280
2026.04.16	11:30:00	4816.205	4819.881	4815.695	4817.859	1650	0	280
2026.04.16	11:45:00	4817.562	4822.478	4815.876	4822.252	2107	0	280
2026.04.16	12:00:00	4822.320	4823.169	4811.360	4817.085	2857	0	280
2026.04.16	12:15:00	4817.018	4818.694	4813.854	4815.345	2030	0	280
2026.04.16	12:30:00	4815.237	4820.559	4811.709	4817.062	2736	0	280
2026.04.16	12:45:00	4817.004	4818.952	4813.746	4816.337	1980	0	280
2026.04.16	13:00:00	4816.116	4823.182	4813.954	4817.141	3262	0	280
2026.04.16	13:15:00	4817.584	4821.250	4815.090	4815.729	2527	0	280
2026.04.16	13:30:00	4815.657	4824.007	4812.548	4816.366	6788	0	280
2026.04.16	13:45:00	4816.309	4819.439	4784.549	4794.686	10044	0	280
2026.04.16	14:00:00	4794.602	4805.194	4785.211	4801.078	9475	0	280
2026.04.16	14:15:00	4801.020	4803.037	4790.833	4798.935	6094	0	280
2026.04.16	14:30:00	4798.992	4800.798	4772.813	4787.454	7565	0	280
2026.04.16	14:45:00	4787.397	4793.497	4785.282	4788.512	6187	0	280
2026.04.16	15:00:00	4788.792	4812.967	4788.120	4806.745	5184	0	280
2026.04.16	15:15:00	4806.810	4809.632	4801.527	4801.833	3556	0	280
2026.04.16	15:30:00	4801.770	4811.000	4797.761	4803.054	6715	0	280
2026.04.16	15:45:00	4802.994	4808.371	4800.696	4806.743	3333	0	280
2026.04.16	16:00:00	4806.678	4810.160	4803.292	4804.792	2580	0	280
2026.04.16	16:15:00	4804.852	4805.991	4796.568	4799.313	2525	0	280
2026.04.16	16:30:00	4799.453	4799.982	4786.484	4790.328	5922	0	280
2026.04.16	16:45:00	4790.257	4793.684	4785.123	4791.868	3380	0	280
2026.04.16	17:00:00	4792.222	4795.412	4789.655	4791.415	2903	0	280
2026.04.16	17:15:00	4791.474	4794.096	4784.788	4785.292	3484	0	280
2026.04.16	17:30:00	4785.350	4789.465	4781.374	4786.753	3056	0	280
2026.04.16	17:45:00	4786.738	4790.933	4782.456	4788.984	2671	0	280
2026.04.16	18:00:00	4788.925	4794.036	4785.701	4790.012	3563	0	280
2026.04.16	18:15:00	4789.866	4793.044	4786.869	4787.183	2236	0	280
2026.04.16	18:30:00	4787.240	4791.346	4786.508	4790.153	1820	0	280
2026.04.16	18:45:00	4790.095	4792.654	4788.158	4789.327	1750	0	280
2026.04.16	19:00:00	4789.313	4795.180	4789.313	4790.129	1935	0	280
2026.04.16	19:15:00	4790.167	4793.745	4789.839	4790.864	1625	0	280
2026.04.16	19:30:00	4790.924	4797.848	4790.415	4797.399	1736	0	280
2026.04.16	19:45:00	4797.457	4798.636	4792.379	4793.737	2246	0	280
2026.04.16	20:00:00	4793.669	4793.938	4789.685	4790.608	1196	0	280
2026.04.16	20:15:00	4790.560	4791.748	4788.114	4789.008	965	0	280
2026.04.16	20:30:00	4789.064	4790.163	4786.263	4788.795	954	0	280
2026.04.16	20:45:00	4788.779	4790.662	4787.876	4790.146	795	0	280
2026.04.16	22:00:00	4794.579	4797.889	4791.287	4795.336	1588	0	360
2026.04.16	22:15:00	4795.477	4796.181	4792.378	4794.110	836	0	280
2026.04.16	22:30:00	4793.770	4796.123	4790.935	4795.395	1182	0	280
2026.04.16	22:45:00	4795.460	4796.931	4794.521	4795.375	949	0	280
2026.04.16	23:00:00	4795.317	4795.514	4792.226	4793.068	1024	0	280
2026.04.16	23:15:00	4792.783	4797.879	4792.590	4794.525	1044	0	280
2026.04.16	23:30:00	4794.539	4796.240	4792.280	4795.643	910	0	280
2026.04.16	23:45:00	4795.539	4796.661	4791.575	4791.651	1232	0	280
2026.04.17	00:00:00	4791.559	4791.578	4785.794	4789.910	2087	0	280
2026.04.17	00:15:00	4789.889	4793.083	4787.421	4793.051	1703	0	280
2026.04.17	00:30:00	4793.051	4798.728	4792.230	4798.728	1823	0	280
2026.04.17	00:45:00	4798.785	4801.252	4793.804	4794.940	1583	0	280
2026.04.17	01:00:00	4795.002	4795.717	4768.986	4778.878	5451	0	280
2026.04.17	01:15:00	4778.815	4784.964	4767.401	4768.847	4104	0	280
2026.04.17	01:30:00	4768.911	4777.761	4767.718	4777.587	3765	0	280
2026.04.17	01:45:00	4777.603	4791.114	4775.158	4789.223	2791	0	280
2026.04.17	02:00:00	4789.219	4794.564	4788.149	4791.519	2263	0	280
2026.04.17	02:15:00	4791.222	4792.085	4788.194	4789.172	1447	0	280
2026.04.17	02:30:00	4789.086	4794.636	4788.356	4791.354	1975	0	280
2026.04.17	02:45:00	4791.709	4793.389	4784.492	4784.685	1753	0	280
2026.04.17	03:00:00	4784.742	4797.385	4784.742	4796.089	2636	0	280
2026.04.17	03:15:00	4795.700	4798.232	4792.781	4794.253	2062	0	280
2026.04.17	03:30:00	4793.904	4795.239	4792.010	4794.388	1253	0	280
2026.04.17	03:45:00	4794.359	4796.740	4792.769	4793.418	1095	0	280
2026.04.17	04:00:00	4793.393	4796.054	4792.478	4795.171	1253	0	280
2026.04.17	04:15:00	4795.193	4796.256	4793.604	4795.743	1074	0	280
2026.04.17	04:30:00	4795.750	4801.535	4795.157	4800.770	1150	0	280
2026.04.17	04:45:00	4800.775	4804.686	4798.435	4802.809	1255	0	280
2026.04.17	05:00:00	4802.820	4806.369	4799.977	4804.794	1875	0	280
2026.04.17	05:15:00	4804.734	4805.055	4801.650	4803.341	1347	0	280
2026.04.17	05:30:00	4803.569	4805.266	4795.663	4796.487	2828	0	280
2026.04.17	05:45:00	4796.512	4800.563	4793.618	4794.313	2618	0	280
2026.04.17	06:00:00	4794.433	4795.298	4786.741	4787.801	3052	0	280
2026.04.17	06:15:00	4787.816	4789.843	4783.011	4783.958	2367	0	280
2026.04.17	06:30:00	4783.898	4786.846	4779.107	4785.639	2534	0	280
2026.04.17	06:45:00	4785.579	4787.238	4783.855	4785.071	1698	0	280
2026.04.17	07:00:00	4785.142	4790.844	4784.220	4787.296	2008	0	280
2026.04.17	07:15:00	4787.360	4792.786	4784.527	4791.485	1851	0	280
2026.04.17	07:30:00	4791.488	4794.665	4782.417	4786.147	2088	0	280
2026.04.17	07:45:00	4785.792	4786.279	4778.684	4784.474	2191	0	280
2026.04.17	08:00:00	4784.460	4790.776	4780.850	4783.539	2369	0	280
2026.04.17	08:15:00	4783.651	4787.267	4782.460	4784.542	1660	0	280
2026.04.17	08:30:00	4784.550	4796.592	4784.140	4796.572	1905	0	280
2026.04.17	08:45:00	4796.587	4796.650	4790.829	4795.744	1846	0	280
2026.04.17	09:00:00	4795.685	4800.951	4792.766	4793.148	1913	0	280
2026.04.17	09:15:00	4793.206	4798.364	4792.099	4796.001	1671	0	280
2026.04.17	09:30:00	4795.681	4798.982	4794.021	4794.677	1792	0	280
2026.04.17	09:45:00	4794.363	4795.124	4790.010	4790.490	1634	0	280
2026.04.17	10:00:00	4790.548	4792.164	4787.078	4791.217	1666	0	280
2026.04.17	10:15:00	4791.320	4793.904	4788.513	4789.663	1454	0	280
2026.04.17	10:30:00	4789.671	4789.909	4782.225	4785.040	1648	0	280
2026.04.17	10:45:00	4785.061	4788.075	4782.155	4787.203	1863	0	280
2026.04.17	11:00:00	4787.263	4789.530	4783.276	4786.078	1616	0	280
2026.04.17	11:15:00	4786.018	4793.174	4784.549	4792.685	1558	0	280
2026.04.17	11:30:00	4792.626	4798.653	4789.767	4798.377	1617	0	280
2026.04.17	11:45:00	4798.435	4811.769	4798.435	4799.214	3452	0	280
2026.04.17	12:00:00	4799.279	4805.568	4797.535	4803.635	2318	0	280
2026.04.17	12:15:00	4803.697	4819.324	4802.955	4816.909	4375	0	280
2026.04.17	12:30:00	4816.712	4825.052	4815.370	4823.082	4346	0	280
2026.04.17	12:45:00	4823.147	4847.737	4821.583	4846.324	12751	0	280
2026.04.17	13:00:00	4846.090	4889.866	4834.826	4883.187	12957	0	360
2026.04.17	13:15:00	4883.016	4883.911	4850.199	4851.173	11868	0	280
2026.04.17	13:30:00	4851.101	4873.368	4848.100	4864.164	12061	0	360
2026.04.17	13:45:00	4864.620	4882.164	4851.830	4879.969	10992	0	280
2026.04.17	14:00:00	4880.029	4885.589	4860.606	4866.900	7804	0	280
2026.04.17	14:15:00	4866.786	4880.498	4865.517	4871.564	5836	0	280
2026.04.17	14:30:00	4871.624	4883.167	4869.387	4877.428	5652	0	280
2026.04.17	14:45:00	4877.492	4881.090	4869.540	4873.242	5072	0	280
2026.04.17	15:00:00	4873.309	4880.377	4862.235	4867.775	6960	0	280
2026.04.17	15:15:00	4867.878	4874.343	4862.913	4866.062	5472	0	280
2026.04.17	15:30:00	4866.132	4874.270	4854.662	4858.906	4907	0	280
2026.04.17	15:45:00	4858.969	4871.717	4857.869	4867.541	4101	0	280
2026.04.17	16:00:00	4867.472	4873.417	4863.729	4871.302	3207	0	280
2026.04.17	16:15:00	4871.360	4873.515	4867.319	4867.841	2515	0	280
2026.04.17	16:30:00	4867.904	4872.734	4867.580	4868.488	2396	0	280
2026.04.17	16:45:00	4868.561	4869.130	4864.776	4866.755	2045	0	280
2026.04.17	17:00:00	4866.821	4869.509	4857.757	4862.478	4075	0	280
2026.04.17	17:15:00	4862.543	4864.802	4853.490	4858.292	5082	0	280
2026.04.17	17:30:00	4858.358	4862.966	4854.322	4855.220	3168	0	280
2026.04.17	17:45:00	4855.160	4863.113	4854.770	4862.611	1984	0	280
2026.04.17	18:00:00	4862.401	4866.279	4860.358	4861.297	2231	0	280
2026.04.17	18:15:00	4861.064	4868.067	4858.852	4860.896	2423	0	280
2026.04.17	18:30:00	4860.835	4866.668	4860.293	4862.093	2163	0	280
2026.04.17	18:45:00	4862.021	4863.093	4855.869	4858.352	2395	0	280
2026.04.17	19:00:00	4858.410	4858.990	4853.703	4856.325	2078	0	280
2026.04.17	19:15:00	4856.389	4858.148	4854.339	4856.880	1751	0	280
2026.04.17	19:30:00	4856.655	4861.337	4855.740	4860.052	2465	0	280
2026.04.17	19:45:00	4859.991	4860.124	4852.651	4854.514	2823	0	280
2026.04.17	20:00:00	4854.670	4855.283	4844.571	4846.155	2564	0	280
2026.04.17	20:15:00	4846.083	4851.694	4844.623	4845.667	2053	0	280
2026.04.17	20:30:00	4846.068	4847.109	4833.951	4835.885	2665	0	280
2026.04.17	20:45:00	4835.946	4837.374	4830.727	4832.633	2745	0	360
2026.04.19	22:00:00	4774.618	4794.561	4771.057	4790.683	5317	0	360
2026.04.19	22:15:00	4790.205	4795.369	4784.050	4785.484	2874	0	360
2026.04.19	22:30:00	4785.231	4790.785	4779.215	4780.855	2117	0	360
2026.04.19	22:45:00	4780.778	4786.823	4777.803	4779.369	1629	0	360
2026.04.19	23:00:00	4779.388	4779.503	4771.934	4772.560	2574	0	360
2026.04.19	23:15:00	4772.627	4775.847	4768.038	4769.242	1837	0	360
2026.04.19	23:30:00	4769.317	4773.353	4745.418	4751.412	3634	0	360
2026.04.19	23:45:00	4751.882	4755.511	4736.736	4754.935	4520	0	360
2026.04.20	00:00:00	4755.380	4755.380	4744.846	4752.367	6348	0	280
2026.04.20	00:15:00	4752.100	4765.590	4751.670	4765.196	4417	0	280
2026.04.20	00:30:00	4765.142	4768.212	4760.924	4764.071	2607	0	280
2026.04.20	00:45:00	4764.131	4774.390	4759.457	4772.266	3213	0	280
2026.04.20	01:00:00	4772.582	4794.501	4771.086	4793.486	8082	0	280
2026.04.20	01:15:00	4793.544	4803.457	4788.777	4802.548	4288	0	280
2026.04.20	01:30:00	4802.695	4812.333	4801.151	4807.053	4558	0	280
2026.04.20	01:45:00	4807.000	4814.463	4805.873	4807.955	3263	0	280
2026.04.20	02:00:00	4807.880	4809.005	4800.478	4801.136	3056	0	280
2026.04.20	02:15:00	4801.102	4803.869	4798.131	4800.412	2026	0	280
2026.04.20	02:30:00	4800.474	4801.983	4794.501	4796.291	2825	0	280
2026.04.20	02:45:00	4796.408	4797.500	4792.963	4797.403	2330	0	280
2026.04.20	03:00:00	4797.342	4798.327	4790.392	4791.299	2708	0	280
2026.04.20	03:15:00	4791.340	4795.944	4788.801	4794.936	1971	0	280
2026.04.20	03:30:00	4795.290	4796.753	4789.764	4793.571	1742	0	280
2026.04.20	03:45:00	4793.199	4794.648	4788.839	4791.005	1528	0	280
2026.04.20	04:00:00	4791.068	4795.726	4790.668	4792.973	1531	0	280
2026.04.20	04:15:00	4792.973	4795.859	4791.438	4794.511	1372	0	280
2026.04.20	04:30:00	4794.574	4794.741	4786.942	4787.440	1753	0	280
2026.04.20	04:45:00	4787.124	4793.364	4787.124	4788.919	1712	0	280
2026.04.20	05:00:00	4788.613	4792.877	4784.394	4786.558	2215	0	280
2026.04.20	05:15:00	4786.171	4789.490	4784.980	4787.711	1830	0	280
2026.04.20	05:30:00	4787.653	4795.820	4779.407	4780.983	4447	0	280
2026.04.20	05:45:00	4780.994	4793.073	4780.862	4790.904	3651	0	280
2026.04.20	06:00:00	4790.591	4794.086	4785.495	4790.435	3747	0	280
2026.04.20	06:15:00	4790.724	4790.785	4783.716	4786.223	2776	0	280
2026.04.20	06:30:00	4786.025	4791.922	4785.352	4789.998	2558	0	280
2026.04.20	06:45:00	4789.936	4795.350	4785.313	4795.267	3205	0	280
2026.04.20	07:00:00	4795.326	4801.660	4793.656	4797.134	3516	0	280
2026.04.20	07:15:00	4797.071	4805.458	4794.101	4797.858	2993	0	280
2026.04.20	07:30:00	4797.505	4798.599	4789.836	4797.400	3541	0	280
2026.04.20	07:45:00	4797.543	4797.543	4786.847	4789.538	2631	0	280
2026.04.20	08:00:00	4789.653	4791.837	4785.887	4789.296	2875	0	280
2026.04.20	08:15:00	4789.234	4792.423	4786.250	4791.821	2321	0	280
2026.04.20	08:30:00	4791.890	4792.544	4788.801	4792.195	1713	0	280
2026.04.20	08:45:00	4792.200	4796.086	4792.189	4795.932	1881	0	280
2026.04.20	09:00:00	4795.870	4797.970	4793.507	4795.509	2011	0	280
2026.04.20	09:15:00	4795.441	4795.954	4791.679	4792.410	1726	0	280
2026.04.20	09:30:00	4792.490	4794.331	4783.210	4791.714	2604	0	280
2026.04.20	09:45:00	4791.725	4797.099	4789.231	4791.358	2107	0	280
2026.04.20	10:00:00	4791.783	4799.670	4789.909	4795.753	2281	0	280
2026.04.20	10:15:00	4795.926	4800.907	4795.045	4798.051	1672	0	280
2026.04.20	10:30:00	4798.116	4800.234	4794.878	4795.128	1273	0	280
2026.04.20	10:45:00	4795.139	4796.956	4794.391	4795.658	1448	0	280
2026.04.20	11:00:00	4795.718	4796.310	4786.770	4789.637	2349	0	280
2026.04.20	11:15:00	4789.871	4791.068	4786.480	4788.613	1818	0	280
2026.04.20	11:30:00	4788.671	4794.506	4787.772	4794.506	2217	0	280
2026.04.20	11:45:00	4794.565	4810.870	4794.561	4810.295	3002	0	280
2026.04.20	12:00:00	4810.237	4813.206	4803.148	4810.976	3857	0	280
2026.04.20	12:15:00	4811.338	4821.950	4804.153	4805.702	4334	0	280
2026.04.20	12:30:00	4805.741	4809.167	4798.901	4805.807	2895	0	280
2026.04.20	12:45:00	4806.196	4808.387	4801.114	4803.483	2645	0	280
2026.04.20	13:00:00	4803.542	4816.969	4799.421	4815.597	6016	0	280
2026.04.20	13:15:00	4815.281	4825.893	4811.796	4824.083	3925	0	280
2026.04.20	13:30:00	4824.158	4826.439	4815.738	4822.239	6779	0	280
2026.04.20	13:45:00	4822.181	4824.276	4816.884	4817.933	4774	0	280
2026.04.20	14:00:00	4817.997	4818.643	4806.813	4815.989	6318	0	280
2026.04.20	14:15:00	4815.930	4826.779	4814.362	4823.293	4631	0	280
2026.04.20	14:30:00	4823.422	4827.671	4810.354	4814.318	5143	0	280
2026.04.20	14:45:00	4814.251	4815.119	4792.375	4805.124	8752	0	280
2026.04.20	15:00:00	4805.062	4807.429	4792.498	4798.109	6499	0	280
2026.04.20	15:15:00	4798.032	4809.510	4793.856	4807.882	6063	0	280
2026.04.20	15:30:00	4808.007	4809.065	4799.594	4800.465	3998	0	280
2026.04.20	15:45:00	4800.407	4801.656	4795.295	4799.468	2984	0	280
2026.04.20	16:00:00	4799.698	4801.608	4794.083	4798.578	2612	0	280
2026.04.20	16:15:00	4798.645	4801.935	4792.696	4800.920	2658	0	280
2026.04.20	16:30:00	4801.000	4804.795	4798.692	4802.089	2499	0	280
2026.04.20	16:45:00	4802.020	4806.127	4801.600	4805.319	1964	0	280
2026.04.20	17:00:00	4805.379	4810.670	4803.818	4808.681	2357	0	280
2026.04.20	17:15:00	4808.744	4811.378	4806.071	4809.917	1884	0	280
2026.04.20	17:30:00	4809.794	4812.298	4804.970	4809.471	2701	0	280
2026.04.20	17:45:00	4809.228	4809.730	4805.556	4806.870	1378	0	280
2026.04.20	18:00:00	4806.811	4815.946	4806.811	4815.318	2172	0	280
2026.04.20	18:15:00	4815.260	4815.519	4811.601	4813.328	1899	0	280
2026.04.20	18:30:00	4813.271	4815.625	4811.208	4814.325	1686	0	280
2026.04.20	18:45:00	4814.365	4816.587	4813.007	4813.922	1277	0	280
2026.04.20	19:00:00	4813.844	4821.479	4813.844	4820.278	1433	0	280
2026.04.20	19:15:00	4820.318	4820.622	4816.074	4817.197	1189	0	280
2026.04.20	19:30:00	4817.254	4817.392	4810.376	4811.670	1838	0	280
2026.04.20	19:45:00	4811.700	4814.056	4810.946	4814.035	1573	0	280
2026.04.20	20:00:00	4814.096	4816.936	4812.824	4813.427	992	0	280
2026.04.20	20:15:00	4813.484	4817.004	4812.048	4815.961	798	0	280
2026.04.20	20:30:00	4816.014	4817.214	4813.042	4816.382	1166	0	280
2026.04.20	20:45:00	4816.758	4822.032	4816.047	4820.814	922	0	280
2026.04.20	22:00:00	4827.606	4832.456	4820.905	4828.862	2626	0	280
2026.04.20	22:15:00	4828.796	4833.038	4828.601	4829.024	1407	0	280
2026.04.20	22:30:00	4829.034	4830.987	4825.282	4830.507	1507	0	280
2026.04.20	22:45:00	4830.568	4831.667	4825.437	4827.759	1372	0	280
2026.04.20	23:00:00	4827.498	4831.903	4823.837	4825.575	1517	0	280
2026.04.20	23:15:00	4825.568	4826.797	4823.920	4825.782	930	0	280
2026.04.20	23:30:00	4825.725	4825.725	4822.727	4823.895	1005	0	280
2026.04.20	23:45:00	4824.262	4824.598	4819.857	4821.556	962	0	280
2026.04.21	00:00:00	4821.618	4830.511	4820.402	4828.730	2529	0	280
2026.04.21	00:15:00	4828.652	4829.362	4819.420	4819.970	2731	0	360
2026.04.21	00:30:00	4820.046	4824.374	4816.668	4822.413	2173	0	280
2026.04.21	00:45:00	4822.806	4826.160	4821.358	4823.646	2446	0	280
2026.04.21	01:00:00	4823.720	4824.449	4813.099	4814.967	4082	0	280
2026.04.21	01:15:00	4814.908	4818.732	4814.211	4818.300	2162	0	280
2026.04.21	01:30:00	4818.236	4819.010	4809.154	4813.286	2530	0	280
2026.04.21	01:45:00	4813.345	4814.171	4805.573	4810.008	2312	0	280
2026.04.21	02:00:00	4810.297	4810.474	4805.861	4807.060	2094	0	280
2026.04.21	02:15:00	4807.060	4808.544	4803.693	4807.760	1448	0	280
2026.04.21	02:30:00	4807.744	4807.869	4802.311	4806.577	2260	0	280
2026.04.21	02:45:00	4806.390	4808.278	4802.291	4806.961	1811	0	280
2026.04.21	03:00:00	4807.029	4807.846	4800.306	4800.855	2207	0	280
2026.04.21	03:15:00	4800.933	4802.303	4793.593	4798.430	2360	0	280
2026.04.21	03:30:00	4798.442	4799.710	4792.453	4794.761	1748	0	280
2026.04.21	03:45:00	4795.078	4797.739	4793.900	4797.283	1320	0	280
2026.04.21	04:00:00	4797.047	4797.975	4793.644	4794.327	1334	0	280
2026.04.21	04:15:00	4794.269	4796.667	4791.074	4792.362	1945	0	280
2026.04.21	04:30:00	4792.302	4794.080	4789.386	4791.851	1331	0	280
2026.04.21	04:45:00	4791.923	4793.418	4788.794	4788.898	1399	0	280
2026.04.21	05:00:00	4788.958	4793.038	4785.642	4789.668	2236	0	280
2026.04.21	05:15:00	4789.665	4791.419	4785.809	4787.551	1770	0	280
2026.04.21	05:30:00	4787.430	4796.738	4786.347	4796.115	3103	0	280
2026.04.21	05:45:00	4796.105	4796.362	4782.955	4784.285	3008	0	280
2026.04.21	06:00:00	4784.220	4790.492	4775.488	4784.805	3614	0	280
2026.04.21	06:15:00	4785.035	4785.991	4775.055	4779.038	3077	0	280
2026.04.21	06:30:00	4779.099	4782.398	4776.140	4780.240	2389	0	280
2026.04.21	06:45:00	4780.336	4783.378	4774.306	4778.955	2761	0	280
2026.04.21	07:00:00	4778.897	4785.585	4772.608	4782.622	3144	0	280
2026.04.21	07:15:00	4782.941	4787.324	4780.233	4783.470	2294	0	280
2026.04.21	07:30:00	4783.453	4787.257	4780.723	4786.543	1746	0	280
2026.04.21	07:45:00	4786.484	4792.741	4784.485	4786.103	2089	0	280
2026.04.21	08:00:00	4786.170	4787.578	4774.515	4776.072	3284	0	280
2026.04.21	08:15:00	4776.055	4789.170	4775.392	4787.002	2249	0	280
2026.04.21	08:30:00	4786.943	4792.792	4784.856	4791.493	2178	0	280
2026.04.21	08:45:00	4791.553	4792.556	4786.022	4786.257	1525	0	280
2026.04.21	09:00:00	4786.191	4786.995	4781.464	4784.368	1842	0	280
2026.04.21	09:15:00	4784.333	4787.954	4781.043	4782.452	1717	0	280
2026.04.21	09:30:00	4782.387	4787.622	4781.883	4787.062	1922	0	280
2026.04.21	09:45:00	4787.081	4789.681	4783.363	4783.815	2057	0	280
2026.04.21	10:00:00	4783.874	4786.103	4781.974	4782.994	1769	0	280
2026.04.21	10:15:00	4783.012	4784.712	4780.715	4782.771	1534	0	280
2026.04.21	10:30:00	4782.833	4788.053	4782.440	4786.310	1312	0	280
2026.04.21	10:45:00	4786.315	4790.400	4785.952	4789.508	1365	0	280
2026.04.21	11:00:00	4789.500	4790.103	4775.150	4781.635	3520	0	280
2026.04.21	11:15:00	4781.575	4784.312	4779.008	4783.262	2120	0	280
2026.04.21	11:30:00	4783.196	4794.908	4782.963	4793.110	2176	0	280
2026.04.21	11:45:00	4792.943	4798.126	4791.514	4794.718	2173	0	280
2026.04.21	12:00:00	4794.777	4797.052	4790.930	4791.350	2512	0	280
2026.04.21	12:15:00	4791.278	4791.880	4778.950	4781.080	3499	0	280
2026.04.21	12:30:00	4781.188	4790.572	4766.569	4778.958	5216	0	280
2026.04.21	12:45:00	4778.896	4783.031	4775.913	4778.602	3687	0	280
2026.04.21	13:00:00	4778.537	4783.738	4764.445	4765.270	6184	0	280
2026.04.21	13:15:00	4765.202	4775.300	4760.249	4774.736	4939	0	280
2026.04.21	13:30:00	4774.680	4792.462	4770.097	4788.903	7955	0	280
2026.04.21	13:45:00	4788.839	4794.231	4777.262	4779.200	5119	0	280
2026.04.21	14:00:00	4779.141	4782.420	4773.032	4778.588	4177	0	280
2026.04.21	14:15:00	4778.649	4780.567	4769.750	4774.155	4221	0	280
2026.04.21	14:30:00	4773.952	4775.196	4743.392	4745.219	9791	0	280
2026.04.21	14:45:00	4745.160	4745.811	4723.305	4738.766	17056	0	280
2026.04.21	15:00:00	4738.710	4750.867	4727.810	4747.912	12937	0	280
2026.04.21	15:15:00	4748.145	4757.608	4741.826	4742.609	8642	0	280
2026.04.21	15:30:00	4742.650	4747.556	4736.569	4745.559	6618	0	280
2026.04.21	15:45:00	4745.502	4750.337	4738.720	4741.546	5033	0	280
2026.04.21	16:00:00	4741.459	4746.787	4726.463	4730.413	5887	0	280
2026.04.21	16:15:00	4730.341	4734.145	4719.547	4720.873	4561	0	280
2026.04.21	16:30:00	4720.815	4727.476	4719.496	4721.068	4809	0	280
2026.04.21	16:45:00	4721.066	4722.859	4707.912	4711.152	5357	0	280
2026.04.21	17:00:00	4711.210	4718.760	4700.912	4706.257	8723	0	280
2026.04.21	17:15:00	4706.272	4708.441	4697.206	4700.197	6275	0	280
2026.04.21	17:30:00	4700.128	4722.284	4696.825	4717.625	8597	0	280
2026.04.21	17:45:00	4717.857	4718.631	4705.910	4710.794	4564	0	280
2026.04.21	18:00:00	4710.737	4714.679	4703.646	4704.723	3661	0	280
2026.04.21	18:15:00	4704.640	4705.013	4692.205	4696.018	5297	0	280
2026.04.21	18:30:00	4696.080	4703.610	4696.080	4703.004	2944	0	280
2026.04.21	18:45:00	4702.691	4713.887	4698.816	4709.045	5811	0	280
2026.04.21	19:00:00	4709.102	4713.063	4704.120	4707.024	4632	0	280
2026.04.21	19:15:00	4707.099	4715.166	4704.827	4713.984	5234	0	280
2026.04.21	19:30:00	4713.803	4714.845	4668.140	4671.392	9766	0	280
2026.04.21	19:45:00	4671.534	4685.753	4670.800	4679.321	11660	0	280
2026.04.21	20:00:00	4679.504	4702.122	4668.722	4696.826	10840	0	280
2026.04.21	20:15:00	4696.751	4711.219	4694.549	4705.701	6432	0	280
2026.04.21	20:30:00	4705.335	4713.858	4705.335	4711.156	2355	0	280
2026.04.21	20:45:00	4711.095	4719.379	4709.116	4718.807	2271	0	280
2026.04.21	22:00:00	4719.794	4729.375	4718.179	4721.839	2755	0	280
2026.04.21	22:15:00	4721.902	4721.902	4716.628	4718.835	1154	0	280
2026.04.21	22:30:00	4718.903	4719.743	4716.112	4717.086	1171	0	280
2026.04.21	22:45:00	4717.009	4720.074	4715.431	4719.310	1141	0	280
2026.04.21	23:00:00	4719.334	4729.678	4718.100	4727.595	1660	0	280
2026.04.21	23:15:00	4727.576	4733.089	4726.117	4730.136	1464	0	280
2026.04.21	23:30:00	4730.128	4733.848	4728.726	4731.453	1393	0	280
2026.04.21	23:45:00	4731.552	4740.380	4731.389	4737.816	1719	0	280
2026.04.22	00:00:00	4738.060	4747.446	4738.060	4742.971	2701	0	280
2026.04.22	00:15:00	4743.038	4745.713	4740.379	4742.585	2298	0	280
2026.04.22	00:30:00	4742.273	4747.174	4741.390	4742.279	2038	0	280
2026.04.22	00:45:00	4742.049	4746.787	4738.472	4739.975	2158	0	280
2026.04.22	01:00:00	4739.625	4745.356	4736.004	4738.227	4646	0	280
2026.04.22	01:15:00	4738.373	4748.985	4737.669	4746.203	2539	0	280
2026.04.22	01:30:00	4746.550	4753.920	4746.095	4749.282	3031	0	280
2026.04.22	01:45:00	4749.532	4754.615	4747.800	4752.272	2424	0	280
2026.04.22	02:00:00	4752.001	4756.096	4750.072	4755.508	2100	0	280
2026.04.22	02:15:00	4755.796	4758.090	4753.412	4755.776	1428	0	280
2026.04.22	02:30:00	4755.436	4758.887	4751.466	4751.697	1906	0	280
2026.04.22	02:45:00	4751.639	4757.215	4751.173	4755.602	1753	0	280
2026.04.22	03:00:00	4755.536	4761.218	4753.151	4757.647	2008	0	280
2026.04.22	03:15:00	4757.382	4763.440	4756.603	4762.961	1693	0	280
2026.04.22	03:30:00	4762.950	4765.088	4756.958	4759.085	1591	0	280
2026.04.22	03:45:00	4759.394	4760.806	4757.093	4758.263	1287	0	280
2026.04.22	04:00:00	4758.310	4759.560	4756.341	4757.332	1155	0	280
2026.04.22	04:15:00	4757.570	4757.723	4754.155	4755.732	1784	0	280
2026.04.22	04:30:00	4756.017	4757.239	4752.628	4756.315	1245	0	280
2026.04.22	04:45:00	4756.309	4759.345	4752.287	4754.635	1612	0	280
2026.04.22	05:00:00	4754.442	4757.038	4752.039	4756.766	1419	0	280
2026.04.22	05:15:00	4757.062	4771.595	4756.105	4765.982	4292	0	280
2026.04.22	05:30:00	4766.294	4769.355	4763.703	4767.155	2400	0	280
2026.04.22	05:45:00	4767.098	4772.196	4764.374	4767.491	2515	0	280
2026.04.22	06:00:00	4767.401	4767.855	4758.713	4762.532	2098	0	280
2026.04.22	06:15:00	4762.476	4767.334	4760.303	4766.897	1537	0	280
2026.04.22	06:30:00	4766.936	4767.788	4763.649	4763.803	1559	0	280
2026.04.22	06:45:00	4763.509	4767.844	4763.329	4767.457	1500	0	280
2026.04.22	07:00:00	4767.397	4772.377	4765.148	4765.763	2058	0	280
2026.04.22	07:15:00	4765.698	4767.855	4762.556	4766.196	2030	0	280
2026.04.22	07:30:00	4765.844	4766.671	4761.947	4763.620	1799	0	280
2026.04.22	07:45:00	4763.831	4764.250	4759.630	4760.654	1890	0	280
2026.04.22	08:00:00	4760.661	4762.336	4757.711	4758.067	2055	0	280
2026.04.22	08:15:00	4757.902	4759.664	4753.953	4754.310	2108	0	280
2026.04.22	08:30:00	4754.230	4757.063	4751.758	4755.770	1957	0	280
2026.04.22	08:45:00	4755.744	4758.365	4753.641	4757.096	1543	0	280
2026.04.22	09:00:00	4757.059	4761.852	4756.548	4760.791	2229	0	280
2026.04.22	09:15:00	4760.439	4761.982	4756.224	4756.528	1527	0	280
2026.04.22	09:30:00	4756.469	4762.452	4755.205	4758.452	1703	0	280
2026.04.22	09:45:00	4758.355	4759.142	4752.188	4755.016	1834	0	280
2026.04.22	10:00:00	4755.093	4757.468	4745.591	4748.610	2611	0	280
2026.04.22	10:15:00	4748.550	4756.215	4748.128	4754.526	1721	0	280
2026.04.22	10:30:00	4754.512	4759.499	4753.575	4756.249	1682	0	280
2026.04.22	10:45:00	4756.290	4760.105	4755.019	4759.200	1493	0	280
2026.04.22	11:00:00	4758.965	4760.448	4756.198	4757.326	1795	0	280
2026.04.22	11:15:00	4757.087	4760.835	4756.291	4757.394	1728	0	280
2026.04.22	11:30:00	4757.159	4759.793	4748.396	4748.751	2251	0	280
2026.04.22	11:45:00	4748.810	4753.401	4747.651	4750.384	2201	0	280
2026.04.22	12:00:00	4750.342	4757.211	4749.804	4752.254	2325	0	280
2026.04.22	12:15:00	4752.155	4760.271	4746.912	4753.242	2931	0	280
2026.04.22	12:30:00	4753.184	4754.285	4745.548	4746.596	3594	0	280
2026.04.22	12:45:00	4746.670	4748.477	4742.753	4744.339	2786	0	280
2026.04.22	13:00:00	4744.268	4750.667	4739.084	4742.071	4924	0	280
2026.04.22	13:15:00	4742.130	4749.982	4736.254	4749.749	5058	0	280
2026.04.22	13:30:00	4749.812	4756.539	4741.895	4755.156	7102	0	280
2026.04.22	13:45:00	4755.231	4760.753	4750.639	4752.714	4848	0	280
2026.04.22	14:00:00	4752.721	4757.252	4742.327	4745.563	4478	0	280
2026.04.22	14:15:00	4745.333	4750.513	4743.386	4744.057	4274	0	280
2026.04.22	14:30:00	4744.023	4744.683	4730.099	4733.190	6164	0	280
2026.04.22	14:45:00	4733.112	4739.402	4732.432	4735.760	3689	0	280
2026.04.22	15:00:00	4735.818	4740.330	4734.138	4737.485	4188	0	280
2026.04.22	15:15:00	4737.443	4737.795	4729.793	4735.017	3735	0	280
2026.04.22	15:30:00	4734.958	4735.582	4725.884	4727.303	3395	0	280
2026.04.22	15:45:00	4727.083	4731.303	4724.910	4727.751	2649	0	280
2026.04.22	16:00:00	4727.836	4735.058	4725.709	4730.368	2733	0	280
2026.04.22	16:15:00	4730.384	4730.506	4723.979	4727.104	2313	0	280
2026.04.22	16:30:00	4726.848	4731.990	4723.734	4728.238	2634	0	280
2026.04.22	16:45:00	4728.181	4730.822	4726.212	4728.534	2237	0	280
2026.04.22	17:00:00	4728.477	4739.408	4728.372	4735.392	3235	0	280
2026.04.22	17:15:00	4735.336	4737.742	4732.765	4735.034	2023	0	280
2026.04.22	17:30:00	4734.994	4738.128	4734.287	4736.002	1689	0	280
2026.04.22	17:45:00	4736.068	4738.227	4733.522	4737.258	2104	0	280
2026.04.22	18:00:00	4737.314	4738.716	4735.058	4735.897	1405	0	280
2026.04.22	18:15:00	4735.834	4736.095	4729.799	4730.530	1839	0	280
2026.04.22	18:30:00	4730.459	4739.367	4730.156	4739.281	1616	0	280
2026.04.22	18:45:00	4739.225	4749.524	4738.542	4741.571	2380	0	280
2026.04.22	19:00:00	4741.736	4743.451	4736.825	4738.756	2660	0	280
2026.04.22	19:15:00	4738.407	4745.282	4737.985	4744.200	1620	0	280
2026.04.22	19:30:00	4744.485	4744.697	4738.463	4739.444	1565	0	280
2026.04.22	19:45:00	4739.373	4741.941	4736.789	4739.997	2216	0	280
2026.04.22	20:00:00	4740.064	4740.528	4734.686	4736.170	1494	0	280
2026.04.22	20:15:00	4736.111	4737.699	4734.494	4736.690	1132	0	280
2026.04.22	20:30:00	4736.694	4739.527	4736.011	4737.215	1087	0	280
2026.04.22	20:45:00	4737.422	4739.873	4737.027	4739.500	759	0	280
2026.04.22	22:00:00	4744.802	4745.874	4736.030	4736.584	1284	0	360
2026.04.22	22:15:00	4736.556	4738.390	4732.511	4733.007	986	0	280
2026.04.22	22:30:00	4733.064	4734.947	4729.712	4729.712	1027	0	280
2026.04.22	22:45:00	4730.002	4731.990	4725.810	4726.068	1094	0	280
2026.04.22	23:00:00	4726.131	4728.325	4723.424	4725.804	1280	0	280
2026.04.22	23:15:00	4726.098	4729.826	4725.486	4728.019	998	0	280
2026.04.22	23:30:00	4728.060	4728.060	4723.703	4724.197	909	0	280
2026.04.22	23:45:00	4724.339	4729.266	4724.281	4727.960	1296	0	280
2026.04.23	00:00:00	4728.026	4728.294	4698.606	4699.418	5434	0	280
2026.04.23	00:15:00	4699.544	4742.536	4693.986	4741.334	12680	0	280
2026.04.23	00:30:00	4741.319	4752.055	4740.875	4744.917	6174	0	280
2026.04.23	00:45:00	4744.854	4753.821	4743.360	4748.278	4126	0	280
2026.04.23	01:00:00	4747.894	4749.975	4735.960	4737.052	4772	0	280
2026.04.23	01:15:00	4736.894	4738.583	4727.069	4728.281	3532	0	280
2026.04.23	01:30:00	4728.360	4735.701	4725.870	4733.903	3864	0	280
2026.04.23	01:45:00	4733.969	4736.768	4722.507	4723.387	4226	0	280
2026.04.23	02:00:00	4723.444	4724.806	4706.669	4707.458	5078	0	280
2026.04.23	02:15:00	4707.571	4717.916	4704.916	4713.891	4128	0	280
2026.04.23	02:30:00	4713.752	4715.650	4700.127	4701.361	5365	0	280
2026.04.23	02:45:00	4701.303	4707.407	4697.988	4698.688	5396	0	280
2026.04.23	03:00:00	4698.903	4708.670	4698.178	4701.884	4982	0	280
2026.04.23	03:15:00	4702.187	4705.962	4697.879	4703.373	3877	0	280
2026.04.23	03:30:00	4703.332	4707.017	4700.909	4704.924	2854	0	280
2026.04.23	03:45:00	4704.933	4707.280	4702.392	4703.927	2065	0	280
2026.04.23	04:00:00	4703.984	4706.298	4700.917	4706.122	1704	0	280
2026.04.23	04:15:00	4706.127	4707.029	4702.711	4705.361	1628	0	280
2026.04.23	04:30:00	4705.376	4706.883	4701.517	4701.884	1628	0	280
2026.04.23	04:45:00	4701.828	4704.526	4698.531	4704.213	1635	0	280
2026.04.23	05:00:00	4704.208	4710.325	4703.232	4707.936	1893	0	280
2026.04.23	05:15:00	4707.995	4709.168	4705.306	4706.069	1986	0	280
2026.04.23	05:30:00	4706.111	4707.118	4692.117	4701.787	4645	0	280
2026.04.23	05:45:00	4701.698	4715.261	4701.520	4713.497	3504	0	280
2026.04.23	06:00:00	4713.337	4718.323	4710.806	4711.979	2952	0	280
2026.04.23	06:15:00	4711.622	4714.290	4708.672	4712.305	2223	0	280
2026.04.23	06:30:00	4712.312	4717.253	4709.191	4715.168	2289	0	280
2026.04.23	06:45:00	4714.978	4721.403	4712.102	4712.710	3375	0	280
2026.04.23	07:00:00	4712.945	4716.292	4707.455	4712.150	3759	0	280
2026.04.23	07:15:00	4712.068	4713.709	4702.920	4706.065	3210	0	280
2026.04.23	07:30:00	4705.940	4713.838	4703.515	4713.510	2190	0	280
2026.04.23	07:45:00	4713.475	4720.450	4713.337	4718.937	2264	0	280
2026.04.23	08:00:00	4719.156	4724.920	4717.566	4718.299	2269	0	280
2026.04.23	08:15:00	4718.361	4722.035	4715.109	4715.459	2006	0	280
2026.04.23	08:30:00	4715.405	4716.102	4703.377	4704.008	2775	0	280
2026.04.23	08:45:00	4703.940	4707.306	4701.409	4703.459	2257	0	280
2026.04.23	09:00:00	4703.402	4703.778	4694.695	4697.068	3267	0	280
2026.04.23	09:15:00	4697.046	4702.922	4695.476	4700.755	2494	0	280
2026.04.23	09:30:00	4700.695	4702.879	4698.811	4700.715	2242	0	280
2026.04.23	09:45:00	4700.657	4702.226	4694.873	4697.384	2364	0	280
2026.04.23	10:00:00	4697.318	4701.660	4685.121	4688.853	2985	0	280
2026.04.23	10:15:00	4688.786	4692.536	4684.149	4686.736	2997	0	280
2026.04.23	10:30:00	4686.764	4696.732	4684.182	4690.801	2975	0	280
2026.04.23	10:45:00	4690.739	4697.157	4689.549	4696.362	2130	0	280
2026.04.23	11:00:00	4696.418	4700.101	4695.519	4697.911	2519	0	280
2026.04.23	11:15:00	4697.791	4703.163	4696.431	4699.370	1925	0	280
2026.04.23	11:30:00	4699.438	4705.955	4696.655	4705.177	2781	0	280
2026.04.23	11:45:00	4705.202	4720.860	4704.557	4720.423	3389	0	280
2026.04.23	12:00:00	4720.486	4738.940	4719.577	4728.985	6428	0	280
2026.04.23	12:15:00	4728.926	4734.990	4725.958	4732.961	3521	0	280
2026.04.23	12:30:00	4732.803	4742.513	4732.803	4739.266	3433	0	280
2026.04.23	12:45:00	4739.216	4743.197	4731.484	4739.898	6098	0	280
2026.04.23	13:00:00	4739.963	4740.608	4723.706	4725.818	4902	0	280
2026.04.23	13:15:00	4725.876	4730.725	4725.326	4727.525	3185	0	280
2026.04.23	13:30:00	4727.215	4735.572	4724.405	4734.380	5754	0	280
2026.04.23	13:45:00	4734.281	4741.268	4724.242	4724.242	4719	0	280
2026.04.23	14:00:00	4724.475	4728.896	4716.873	4724.334	7829	0	280
2026.04.23	14:15:00	4724.278	4736.018	4723.459	4731.140	4789	0	280
2026.04.23	14:30:00	4731.493	4734.671	4725.961	4730.775	4491	0	280
2026.04.23	14:45:00	4730.871	4736.705	4727.979	4733.708	3903	0	280
2026.04.23	15:00:00	4733.770	4734.864	4726.619	4730.825	3597	0	280
2026.04.23	15:15:00	4730.883	4741.063	4729.820	4733.648	3610	0	280
2026.04.23	15:30:00	4733.558	4734.745	4727.842	4727.842	3360	0	280
2026.04.23	15:45:00	4727.939	4728.595	4716.296	4720.542	5336	0	280
2026.04.23	16:00:00	4720.494	4722.405	4715.544	4719.223	3700	0	280
2026.04.23	16:15:00	4719.161	4724.981	4718.781	4723.037	2357	0	280
2026.04.23	16:30:00	4723.056	4734.690	4722.484	4733.787	2346	0	280
2026.04.23	16:45:00	4733.704	4737.031	4730.610	4732.726	2702	0	280
2026.04.23	17:00:00	4732.757	4734.389	4705.971	4715.868	10616	0	280
2026.04.23	17:15:00	4715.846	4717.767	4704.466	4706.485	9998	0	280
2026.04.23	17:30:00	4706.310	4714.093	4673.134	4677.517	12141	0	280
2026.04.23	17:45:00	4677.575	4711.070	4664.010	4709.115	18111	0	280
2026.04.23	18:00:00	4709.172	4721.949	4707.624	4713.701	10441	0	280
2026.04.23	18:15:00	4713.939	4716.745	4710.594	4716.649	5638	0	280
2026.04.23	18:30:00	4716.872	4720.434	4707.228	4711.110	4355	0	280
2026.04.23	18:45:00	4711.422	4711.908	4699.231	4701.213	4112	0	280
2026.04.23	19:00:00	4701.153	4704.491	4692.578	4696.385	4935	0	280
2026.04.23	19:15:00	4696.326	4702.696	4695.500	4700.213	3054	0	280
2026.04.23	19:30:00	4700.192	4701.295	4689.213	4692.427	4275	0	280
2026.04.23	19:45:00	4692.484	4699.975	4691.905	4695.910	4161	0	280
2026.04.23	20:00:00	4695.804	4698.290	4690.389	4690.476	2581	0	280
2026.04.23	20:15:00	4690.630	4692.604	4686.383	4689.505	1881	0	280
2026.04.23	20:30:00	4689.272	4691.657	4688.134	4691.187	1192	0	280
2026.04.23	20:45:00	4691.350	4693.290	4688.492	4692.968	1265	0	280
2026.04.23	22:00:00	4699.581	4700.028	4694.627	4697.338	1417	0	360
2026.04.23	22:15:00	4697.327	4697.327	4692.170	4692.973	1069	0	360
2026.04.23	22:30:00	4692.907	4696.693	4690.655	4693.456	1230	0	280
2026.04.23	22:45:00	4693.440	4694.512	4690.130	4693.083	1021	0	280
2026.04.23	23:00:00	4693.096	4695.405	4689.340	4689.455	1204	0	280
2026.04.23	23:15:00	4689.801	4694.317	4686.543	4694.270	1403	0	280
2026.04.23	23:30:00	4694.620	4700.651	4693.535	4697.495	1491	0	280
2026.04.23	23:45:00	4697.524	4699.454	4692.214	4695.231	1564	0	280
2026.04.24	00:00:00	4695.158	4700.254	4690.823	4697.905	3937	0	280
2026.04.24	00:15:00	4698.257	4705.645	4696.553	4705.319	2995	0	280
2026.04.24	00:30:00	4705.590	4707.884	4701.124	4701.332	2909	0	280
2026.04.24	00:45:00	4701.615	4705.952	4697.273	4704.464	3187	0	280
2026.04.24	01:00:00	4704.403	4709.968	4695.564	4709.413	5152	0	280
2026.04.24	01:15:00	4709.389	4710.967	4698.161	4698.392	3380	0	280
2026.04.24	01:30:00	4698.512	4702.187	4690.316	4690.989	4560	0	280
2026.04.24	01:45:00	4690.932	4700.727	4690.085	4699.317	2732	0	280
2026.04.24	02:00:00	4699.231	4700.478	4690.071	4692.931	3332	0	280
2026.04.24	02:15:00	4692.989	4696.085	4681.758	4683.744	3232	0	280
2026.04.24	02:30:00	4683.802	4690.955	4680.003	4683.481	3348	0	280
2026.04.24	02:45:00	4683.153	4684.028	4672.867	4676.807	3481	0	280
2026.04.24	03:00:00	4676.866	4678.396	4668.587	4670.452	3305	0	280
2026.04.24	03:15:00	4670.509	4678.083	4670.034	4674.559	2531	0	280
2026.04.24	03:30:00	4674.619	4678.268	4672.848	4675.161	2329	0	280
2026.04.24	03:45:00	4675.329	4676.837	4671.412	4672.223	1703	0	280
2026.04.24	04:00:00	4672.166	4674.650	4667.116	4670.066	2154	0	280
2026.04.24	04:15:00	4670.132	4670.813	4658.473	4659.472	2897	0	280
2026.04.24	04:30:00	4659.535	4668.293	4657.581	4667.908	2336	0	280
2026.04.24	04:45:00	4667.973	4676.953	4667.912	4674.259	2058	0	280
2026.04.24	05:00:00	4674.326	4676.937	4669.490	4673.576	1933	0	280
2026.04.24	05:15:00	4673.639	4678.498	4671.969	4676.627	2017	0	280
2026.04.24	05:30:00	4676.478	4687.437	4676.394	4682.673	3028	0	280
2026.04.24	05:45:00	4682.801	4686.797	4680.133	4686.200	2494	0	280
2026.04.24	06:00:00	4686.257	4688.160	4680.799	4681.732	2317	0	280
2026.04.24	06:15:00	4681.955	4682.191	4670.277	4671.261	2151	0	280
2026.04.24	06:30:00	4671.617	4676.054	4669.758	4673.830	2353	0	280
2026.04.24	06:45:00	4673.619	4676.485	4666.696	4672.067	2585	0	280
2026.04.24	07:00:00	4671.999	4681.402	4670.822	4680.408	2000	0	280
2026.04.24	07:15:00	4680.349	4684.814	4678.160	4684.210	1983	0	280
2026.04.24	07:30:00	4684.139	4686.139	4682.161	4685.374	1695	0	280
2026.04.24	07:45:00	4685.323	4695.253	4685.063	4694.398	2127	0	280
2026.04.24	08:00:00	4694.344	4694.441	4686.209	4687.455	2255	0	280
2026.04.24	08:15:00	4687.511	4697.415	4686.819	4687.989	2572	0	280
2026.04.24	08:30:00	4687.918	4690.137	4685.268	4688.172	1992	0	280
2026.04.24	08:45:00	4687.944	4692.910	4687.581	4690.929	1801	0	280
2026.04.24	09:00:00	4690.993	4695.356	4689.655	4695.112	2209	0	280
2026.04.24	09:15:00	4695.106	4696.745	4682.361	4683.424	2924	0	280
2026.04.24	09:30:00	4683.067	4688.612	4679.250	4685.815	2305	0	280
2026.04.24	09:45:00	4686.167	4686.948	4679.210	4682.068	2004	0	280
2026.04.24	10:00:00	4681.861	4684.678	4680.779	4682.077	1940	0	280
2026.04.24	10:15:00	4682.021	4686.335	4680.118	4682.317	1944	0	280
2026.04.24	10:30:00	4682.434	4682.461	4674.548	4679.061	2166	0	280
2026.04.24	10:45:00	4678.810	4680.568	4676.488	4677.913	1496	0	280
2026.04.24	11:00:00	4677.857	4703.297	4677.749	4697.219	8427	0	280
2026.04.24	11:15:00	4696.997	4717.153	4692.353	4715.372	8139	0	280
2026.04.24	11:30:00	4715.163	4717.240	4705.173	4705.512	4070	0	280
2026.04.24	11:45:00	4705.453	4708.177	4702.754	4706.679	2470	0	280
2026.04.24	12:00:00	4706.756	4710.413	4703.311	4708.654	3428	0	280
2026.04.24	12:15:00	4708.714	4711.761	4701.292	4710.242	4220	0	280
2026.04.24	12:30:00	4710.114	4711.452	4698.639	4698.639	2948	0	280
2026.04.24	12:45:00	4698.989	4700.855	4690.204	4700.554	3475	0	280
2026.04.24	13:00:00	4700.667	4705.617	4696.054	4702.795	4164	0	280
2026.04.24	13:15:00	4703.144	4705.133	4693.384	4696.930	3596	0	280
2026.04.24	13:30:00	4696.873	4709.817	4689.474	4708.041	6631	0	280
2026.04.24	13:45:00	4708.114	4717.579	4704.816	4711.984	5577	0	280
2026.04.24	14:00:00	4711.913	4740.291	4706.814	4731.610	9542	0	280
2026.04.24	14:15:00	4731.552	4734.094	4721.485	4725.658	6502	0	280
2026.04.24	14:30:00	4725.715	4732.989	4723.614	4730.150	4697	0	280
2026.04.24	14:45:00	4730.381	4731.291	4724.113	4726.395	3585	0	280
2026.04.24	15:00:00	4726.458	4727.226	4718.698	4721.925	3517	0	280
2026.04.24	15:15:00	4721.760	4726.409	4718.510	4721.723	3239	0	280
2026.04.24	15:30:00	4721.789	4729.692	4714.444	4727.476	5288	0	280
2026.04.24	15:45:00	4727.362	4733.266	4723.854	4726.939	8415	0	280
2026.04.24	16:00:00	4727.033	4729.773	4719.992	4720.332	3845	0	280
2026.04.24	16:15:00	4720.267	4725.812	4719.002	4723.269	2770	0	280
2026.04.24	16:30:00	4723.332	4727.238	4719.097	4722.367	3045	0	280
2026.04.24	16:45:00	4722.427	4727.407	4720.595	4726.512	2362	0	280
2026.04.24	17:00:00	4726.568	4729.978	4725.741	4727.537	2913	0	280
2026.04.24	17:15:00	4727.626	4729.412	4722.405	4723.024	2584	0	280
2026.04.24	17:30:00	4722.953	4725.347	4718.878	4722.364	2823	0	280
2026.04.24	17:45:00	4722.609	4728.049	4720.412	4723.412	2249	0	280
2026.04.24	18:00:00	4723.482	4724.836	4719.955	4723.562	1738	0	280
2026.04.24	18:15:00	4723.796	4724.219	4716.892	4717.172	1957	0	280
2026.04.24	18:30:00	4716.888	4720.565	4716.808	4718.735	1512	0	280
2026.04.24	18:45:00	4718.970	4723.272	4717.560	4722.521	1698	0	280
2026.04.24	19:00:00	4722.579	4726.075	4720.930	4722.229	1765	0	280
2026.04.24	19:15:00	4722.172	4723.339	4717.357	4718.855	1607	0	280
2026.04.24	19:30:00	4718.829	4720.608	4715.888	4716.772	1653	0	280
2026.04.24	19:45:00	4716.775	4718.383	4713.586	4716.670	2109	0	280
2026.04.24	20:00:00	4716.607	4717.467	4705.346	4706.843	1780	0	280
2026.04.24	20:15:00	4706.772	4709.587	4705.262	4708.209	1307	0	280
2026.04.24	20:30:00	4708.143	4708.787	4705.234	4707.322	1159	0	280
2026.04.24	20:45:00	4707.261	4709.129	4706.406	4708.466	1362	0	280
2026.04.26	22:00:00	4696.125	4699.884	4680.095	4685.108	2714	0	360
2026.04.26	22:15:00	4685.208	4688.703	4683.098	4687.041	1561	0	280
2026.04.26	22:30:00	4686.588	4687.001	4682.209	4684.383	1297	0	280
2026.04.26	22:45:00	4684.680	4686.039	4681.659	4684.718	1090	0	280
2026.04.26	23:00:00	4684.636	4684.742	4677.507	4683.611	1503	0	280
2026.04.26	23:15:00	4683.374	4684.503	4677.361	4677.456	1105	0	280
2026.04.26	23:30:00	4677.451	4680.084	4674.786	4676.689	1406	0	280
2026.04.26	23:45:00	4676.990	4682.209	4676.696	4680.075	1355	0	280
2026.04.27	00:00:00	4680.139	4681.275	4672.027	4679.623	2973	0	280
2026.04.27	00:15:00	4679.905	4682.164	4677.668	4680.582	2260	0	280
2026.04.27	00:30:00	4680.645	4681.642	4676.646	4680.399	1716	0	280
2026.04.27	00:45:00	4680.393	4698.033	4680.386	4697.623	2571	0	280
2026.04.27	01:00:00	4697.982	4709.827	4692.040	4692.981	6751	0	280
2026.04.27	01:15:00	4692.912	4698.687	4690.714	4697.833	4041	0	280
2026.04.27	01:30:00	4698.184	4700.983	4695.829	4697.773	3355	0	280
2026.04.27	01:45:00	4697.714	4706.496	4697.527	4702.490	2668	0	280
2026.04.27	02:00:00	4702.583	4706.874	4696.130	4699.451	2974	0	280
2026.04.27	02:15:00	4699.664	4708.080	4698.823	4705.534	2215	0	280
2026.04.27	02:30:00	4705.447	4714.625	4704.296	4713.324	3070	0	280
2026.04.27	02:45:00	4713.342	4723.526	4712.115	4718.337	2777	0	280
2026.04.27	03:00:00	4718.255	4722.228	4716.238	4717.890	2680	0	280
2026.04.27	03:15:00	4717.633	4718.537	4714.542	4715.759	1770	0	280
2026.04.27	03:30:00	4715.821	4729.453	4715.385	4728.184	2249	0	280
2026.04.27	03:45:00	4728.126	4728.567	4722.381	4724.267	1794	0	280
2026.04.27	04:00:00	4723.916	4728.112	4723.572	4727.536	1430	0	280
2026.04.27	04:15:00	4727.332	4727.822	4724.930	4726.760	1250	0	280
2026.04.27	04:30:00	4727.071	4730.145	4725.253	4726.091	1591	0	280
2026.04.27	04:45:00	4726.385	4726.724	4722.707	4724.786	1368	0	280
2026.04.27	05:00:00	4724.803	4725.406	4718.147	4718.502	1606	0	280
2026.04.27	05:15:00	4718.484	4719.921	4716.044	4717.920	1560	0	280
2026.04.27	05:30:00	4718.272	4718.449	4709.120	4711.352	2852	0	280
2026.04.27	05:45:00	4711.583	4713.813	4708.521	4710.147	2061	0	280
2026.04.27	06:00:00	4709.838	4715.728	4709.091	4714.212	2769	0	280
2026.04.27	06:15:00	4714.561	4715.600	4711.255	4714.293	1925	0	280
2026.04.27	06:30:00	4714.237	4714.359	4709.077	4710.864	2213	0	280
2026.04.27	06:45:00	4710.802	4715.617	4709.899	4712.909	1746	0	280
2026.04.27	07:00:00	4712.744	4718.191	4710.756	4716.977	2384	0	280
2026.04.27	07:15:00	4716.953	4718.242	4712.304	4715.810	2012	0	280
2026.04.27	07:30:00	4716.106	4717.324	4713.603	4714.934	2033	0	280
2026.04.27	07:45:00	4714.960	4716.986	4709.955	4713.427	1827	0	280
2026.04.27	08:00:00	4713.489	4714.448	4709.994	4710.989	2376	0	280
2026.04.27	08:15:00	4711.048	4714.143	4709.279	4710.476	1840	0	280
2026.04.27	08:30:00	4710.538	4711.733	4705.332	4711.666	1822	0	280
2026.04.27	08:45:00	4711.657	4714.737	4705.383	4706.614	1775	0	280
2026.04.27	09:00:00	4706.968	4708.311	4702.388	4705.273	1818	0	280
2026.04.27	09:15:00	4705.360	4706.673	4701.282	4702.388	1578	0	280
2026.04.27	09:30:00	4702.329	4705.482	4699.061	4704.436	1785	0	280
2026.04.27	09:45:00	4704.669	4704.732	4699.657	4703.455	1453	0	280
2026.04.27	10:00:00	4703.516	4706.686	4701.560	4702.053	1282	0	280
2026.04.27	10:15:00	4702.048	4705.721	4699.408	4704.870	1232	0	280
2026.04.27	10:30:00	4704.927	4710.704	4704.474	4708.841	1456	0	280
2026.04.27	10:45:00	4708.897	4711.056	4706.997	4708.884	1443	0	280
2026.04.27	11:00:00	4708.939	4709.058	4703.892	4704.163	1582	0	280
2026.04.27	11:15:00	4704.169	4707.034	4700.089	4705.320	1877	0	280
2026.04.27	11:30:00	4705.261	4708.580	4699.992	4702.784	1796	0	280
2026.04.27	11:45:00	4702.846	4705.184	4700.995	4704.642	1391	0	280
2026.04.27	12:00:00	4705.000	4709.302	4702.400	4708.790	2237	0	280
2026.04.27	12:15:00	4708.812	4712.639	4701.694	4706.847	3029	0	280
2026.04.27	12:30:00	4706.787	4707.791	4696.976	4698.646	2917	0	280
2026.04.27	12:45:00	4698.882	4704.370	4696.788	4699.289	2778	0	280
2026.04.27	13:00:00	4699.227	4700.636	4693.005	4696.002	4533	0	280
2026.04.27	13:15:00	4696.038	4703.465	4695.612	4699.893	2510	0	280
2026.04.27	13:30:00	4699.826	4702.696	4688.991	4693.088	5574	0	280
2026.04.27	13:45:00	4693.146	4697.335	4689.235	4696.138	4669	0	280
2026.04.27	14:00:00	4696.307	4696.338	4687.666	4692.395	5274	0	280
2026.04.27	14:15:00	4692.335	4696.681	4686.118	4689.040	4276	0	280
2026.04.27	14:30:00	4689.118	4696.763	4683.446	4693.314	5200	0	280
2026.04.27	14:45:00	4693.383	4694.031	4676.355	4677.852	3942	0	280
2026.04.27	15:00:00	4678.203	4679.450	4666.949	4674.409	5724	0	280
2026.04.27	15:15:00	4674.316	4681.042	4671.817	4680.912	4161	0	280
2026.04.27	15:30:00	4680.970	4682.538	4676.841	4677.678	2950	0	280
2026.04.27	15:45:00	4677.620	4678.064	4667.909	4670.152	3036	0	280
2026.04.27	16:00:00	4670.124	4674.900	4667.260	4674.340	2766	0	280
2026.04.27	16:15:00	4674.278	4677.661	4673.608	4676.139	2210	0	280
2026.04.27	16:30:00	4676.209	4679.290	4674.444	4674.979	1912	0	280
2026.04.27	16:45:00	4674.940	4677.924	4674.588	4676.478	1728	0	280
2026.04.27	17:00:00	4676.535	4678.416	4671.484	4673.499	2382	0	280
2026.04.27	17:15:00	4673.562	4679.895	4668.054	4679.777	3101	0	280
2026.04.27	17:30:00	4679.542	4686.253	4679.227	4683.081	2461	0	280
2026.04.27	17:45:00	4682.961	4684.436	4680.837	4682.322	1837	0	280
2026.04.27	18:00:00	4682.260	4682.797	4678.785	4681.528	1650	0	280
2026.04.27	18:15:00	4681.467	4685.544	4680.693	4683.874	1591	0	280
2026.04.27	18:30:00	4684.107	4685.080	4682.348	4682.880	1351	0	280
2026.04.27	18:45:00	4682.824	4684.733	4680.654	4680.837	1490	0	280
2026.04.27	19:00:00	4680.781	4681.275	4678.410	4680.165	1398	0	280
2026.04.27	19:15:00	4680.338	4682.733	4679.628	4682.041	1256	0	280
2026.04.27	19:30:00	4682.123	4682.340	4676.535	4679.798	1521	0	280
2026.04.27	19:45:00	4680.007	4681.580	4678.317	4680.670	1897	0	280
2026.04.27	20:00:00	4680.803	4681.248	4677.299	4679.245	1015	0	280
2026.04.27	20:15:00	4678.945	4680.701	4678.353	4679.641	799	0	280
2026.04.27	20:30:00	4679.857	4680.642	4678.687	4679.977	720	0	280
2026.04.27	20:45:00	4679.989	4680.528	4678.564	4680.054	681	0	280
2026.04.27	22:00:00	4684.202	4691.233	4682.126	4689.452	1543	0	280
2026.04.27	22:15:00	4689.157	4689.855	4686.811	4688.884	935	0	280
2026.04.27	22:30:00	4688.884	4689.805	4686.518	4687.188	889	0	280
2026.04.27	22:45:00	4687.182	4688.265	4686.247	4687.726	739	0	280
2026.04.27	23:00:00	4688.020	4690.086	4687.125	4689.679	836	0	280
2026.04.27	23:15:00	4689.590	4691.585	4689.372	4690.533	879	0	280
2026.04.27	23:30:00	4690.423	4694.562	4690.339	4694.137	1003	0	280
2026.04.27	23:45:00	4694.164	4694.975	4692.006	4692.056	899	0	280
2026.04.28	00:00:00	4692.118	4701.445	4691.608	4697.990	1864	0	280
2026.04.28	00:15:00	4697.931	4699.360	4692.393	4694.836	1858	0	280
2026.04.28	00:30:00	4694.897	4695.185	4691.590	4693.709	1769	0	280
2026.04.28	00:45:00	4693.719	4694.732	4690.354	4690.354	1443	0	280
2026.04.28	01:00:00	4690.590	4691.067	4684.376	4687.774	3421	0	280
2026.04.28	01:15:00	4687.891	4690.518	4685.498	4687.570	2136	0	280
2026.04.28	01:30:00	4687.610	4691.419	4683.760	4687.363	2439	0	280
2026.04.28	01:45:00	4687.364	4687.793	4669.266	4670.795	3454	0	280
2026.04.28	02:00:00	4670.853	4678.046	4666.460	4677.075	2977	0	280
2026.04.28	02:15:00	4677.080	4679.582	4674.507	4675.614	1848	0	280
2026.04.28	02:30:00	4675.631	4675.697	4670.497	4671.120	2554	0	280
2026.04.28	02:45:00	4671.061	4671.406	4666.457	4669.244	2329	0	280
2026.04.28	03:00:00	4669.007	4674.170	4668.463	4672.704	2156	0	280
2026.04.28	03:15:00	4672.729	4675.862	4671.240	4674.922	1795	0	280
2026.04.28	03:30:00	4674.985	4675.391	4671.578	4671.810	1485	0	280
2026.04.28	03:45:00	4672.102	4672.539	4669.372	4670.964	1225	0	280
2026.04.28	04:00:00	4670.907	4671.336	4666.811	4669.576	1466	0	280
2026.04.28	04:15:00	4669.829	4669.829	4666.482	4667.585	1165	0	280
2026.04.28	04:30:00	4667.522	4669.977	4666.678	4669.678	1225	0	280
2026.04.28	04:45:00	4669.610	4669.918	4667.143	4667.698	1120	0	280
2026.04.28	05:00:00	4667.408	4668.049	4648.434	4652.275	3665	0	280
2026.04.28	05:15:00	4652.586	4659.602	4651.097	4658.161	1926	0	280
2026.04.28	05:30:00	4658.152	4658.720	4624.241	4624.913	8549	0	280
2026.04.28	05:45:00	4624.969	4634.168	4623.790	4632.061	4421	0	280
2026.04.28	06:00:00	4632.297	4643.099	4625.675	4640.371	4217	0	280
2026.04.28	06:15:00	4640.572	4640.974	4623.172	4631.372	3332	0	280
2026.04.28	06:30:00	4631.307	4634.840	4625.214	4629.850	3424	0	280
2026.04.28	06:45:00	4629.836	4631.708	4623.240	4628.832	3192	0	280
2026.04.28	07:00:00	4629.021	4639.417	4627.336	4634.078	3410	0	280
2026.04.28	07:15:00	4634.313	4634.974	4627.124	4629.742	2886	0	280
2026.04.28	07:30:00	4629.797	4635.155	4625.799	4629.244	3164	0	280
2026.04.28	07:45:00	4629.446	4633.600	4620.502	4633.023	3318	0	280
2026.04.28	08:00:00	4632.951	4633.621	4614.607	4620.280	5570	0	280
2026.04.28	08:15:00	4620.144	4626.813	4619.155	4626.644	3084	0	280
2026.04.28	08:30:00	4626.702	4635.249	4626.526	4628.394	3218	0	280
2026.04.28	08:45:00	4628.335	4630.776	4624.986	4629.748	2175	0	280
2026.04.28	09:00:00	4629.736	4630.087	4621.552	4625.516	2517	0	280
2026.04.28	09:15:00	4625.430	4625.741	4612.847	4618.338	3142	0	280
2026.04.28	09:30:00	4618.249	4619.132	4608.147	4613.484	3546	0	280
2026.04.28	09:45:00	4613.673	4615.036	4604.516	4604.937	2937	0	280
2026.04.28	10:00:00	4604.833	4613.784	4604.646	4612.468	2311	0	280
2026.04.28	10:15:00	4612.488	4616.285	4610.755	4611.662	2073	0	280
2026.04.28	10:30:00	4611.309	4616.038	4611.012	4613.021	1865	0	280
2026.04.28	10:45:00	4613.367	4615.360	4603.173	4603.343	2521	0	280
2026.04.28	11:00:00	4603.144	4608.560	4597.660	4598.728	4028	0	280
2026.04.28	11:15:00	4598.663	4604.218	4593.909	4599.492	3688	0	280
2026.04.28	11:30:00	4599.417	4599.878	4567.812	4572.209	6567	0	280
2026.04.28	11:45:00	4572.154	4573.983	4555.299	4562.466	7747	0	280
2026.04.28	12:00:00	4562.408	4581.677	4554.813	4581.619	6084	0	280
2026.04.28	12:15:00	4581.389	4598.004	4573.651	4580.386	7891	0	280
2026.04.28	12:30:00	4580.329	4588.648	4570.705	4587.050	5120	0	280
2026.04.28	12:45:00	4586.742	4600.152	4584.140	4593.824	5540	0	280
2026.04.28	13:00:00	4593.470	4594.595	4571.143	4576.365	6474	0	280
2026.04.28	13:15:00	4576.305	4584.216	4572.044	4581.653	6289	0	280
2026.04.28	13:30:00	4581.596	4591.642	4570.674	4581.913	10434	0	280
2026.04.28	13:45:00	4581.854	4592.654	4574.887	4580.513	7068	0	280
2026.04.28	14:00:00	4580.152	4580.768	4564.824	4568.396	7341	0	280
2026.04.28	14:15:00	4568.046	4577.876	4563.903	4571.355	7587	0	280
2026.04.28	14:30:00	4571.414	4578.183	4557.134	4563.981	7315	0	280
2026.04.28	14:45:00	4564.216	4574.756	4557.269	4574.305	8528	0	280
2026.04.28	15:00:00	4574.249	4581.720	4570.229	4572.774	6632	0	280
2026.04.28	15:15:00	4572.830	4577.448	4566.843	4576.907	5194	0	280
2026.04.28	15:30:00	4576.967	4581.470	4570.878	4577.596	5444	0	280
2026.04.28	15:45:00	4577.539	4586.439	4576.530	4586.215	4367	0	280
2026.04.28	16:00:00	4586.137	4586.984	4582.359	4585.059	3732	0	280
2026.04.28	16:15:00	4585.217	4585.592	4577.980	4582.814	3362	0	280
2026.04.28	16:30:00	4582.878	4586.947	4580.559	4584.727	2755	0	280
2026.04.28	16:45:00	4584.782	4594.964	4583.779	4592.093	3883	0	280
2026.04.28	17:00:00	4592.442	4594.859	4588.544	4593.515	2855	0	280
2026.04.28	17:15:00	4593.470	4597.373	4587.038	4593.601	3472	0	280
2026.04.28	17:30:00	4593.658	4601.490	4593.658	4599.136	2865	0	280
2026.04.28	17:45:00	4599.156	4600.567	4594.103	4594.810	2228	0	280
2026.04.28	18:00:00	4594.866	4598.614	4592.169	4595.949	1971	0	280
2026.04.28	18:15:00	4595.961	4600.691	4595.961	4599.021	2605	0	280
2026.04.28	18:30:00	4599.101	4599.302	4593.411	4597.570	1771	0	280
2026.04.28	18:45:00	4597.560	4598.763	4593.211	4594.403	1648	0	280
2026.04.28	19:00:00	4594.461	4598.591	4593.755	4595.769	1798	0	280
2026.04.28	19:15:00	4595.767	4597.177	4593.640	4596.292	1704	0	280
2026.04.28	19:30:00	4596.072	4600.035	4594.703	4598.612	1705	0	280
2026.04.28	19:45:00	4598.362	4599.426	4593.424	4595.752	2201	0	280
2026.04.28	20:00:00	4595.696	4598.554	4594.850	4597.526	1337	0	280
2026.04.28	20:15:00	4597.542	4598.231	4591.063	4592.932	1214	0	280
2026.04.28	20:30:00	4592.753	4595.437	4592.448	4593.320	932	0	280
2026.04.28	20:45:00	4593.371	4596.594	4592.958	4596.512	767	0	280
2026.04.28	22:00:00	4598.249	4599.548	4594.374	4596.268	1036	0	280
2026.04.28	22:15:00	4596.262	4597.271	4595.080	4595.644	663	0	280
2026.04.28	22:30:00	4595.994	4597.161	4593.117	4593.525	648	0	280
2026.04.28	22:45:00	4593.779	4595.314	4592.604	4593.931	755	0	280
2026.04.28	23:00:00	4593.920	4594.447	4589.220	4590.765	910	0	280
2026.04.28	23:15:00	4591.059	4592.864	4590.189	4592.045	806	0	280
2026.04.28	23:30:00	4591.970	4593.538	4587.817	4589.692	1050	0	280
2026.04.28	23:45:00	4589.689	4596.163	4588.805	4595.783	1215	0	280
2026.04.29	00:00:00	4595.847	4610.425	4594.916	4607.523	3783	0	280
2026.04.29	00:15:00	4607.584	4607.768	4598.848	4600.181	2348	0	280
2026.04.29	00:30:00	4599.954	4604.864	4599.477	4603.482	1706	0	280
2026.04.29	00:45:00	4603.501	4604.019	4596.088	4600.048	2210	0	280
2026.04.29	01:00:00	4599.985	4600.474	4575.763	4582.465	8002	0	280
2026.04.29	01:15:00	4582.699	4586.462	4579.298	4580.466	3572	0	280
2026.04.29	01:30:00	4580.318	4591.345	4578.763	4590.184	4477	0	280
2026.04.29	01:45:00	4590.242	4591.541	4580.343	4584.590	3388	0	280
2026.04.29	02:00:00	4584.635	4602.614	4584.635	4601.043	3569	0	280
2026.04.29	02:15:00	4600.820	4604.081	4598.186	4599.274	2508	0	280
2026.04.29	02:30:00	4599.336	4601.881	4595.751	4596.703	2438	0	280
2026.04.29	02:45:00	4597.013	4601.256	4592.099	4593.490	2709	0	280
2026.04.29	03:00:00	4593.552	4603.107	4592.713	4601.723	2463	0	280
2026.04.29	03:15:00	4601.690	4603.343	4597.144	4598.883	1974	0	280
2026.04.29	03:30:00	4598.610	4598.771	4592.368	4593.908	1268	0	280
2026.04.29	03:45:00	4593.843	4596.329	4592.083	4595.214	1481	0	280
2026.04.29	04:00:00	4595.274	4603.335	4595.112	4600.627	1413	0	280
2026.04.29	04:15:00	4600.953	4602.091	4597.280	4601.825	1445	0	280
2026.04.29	04:30:00	4601.589	4605.720	4601.488	4601.966	1569	0	280
2026.04.29	04:45:00	4601.969	4605.725	4601.969	4604.641	1209	0	280
2026.04.29	05:00:00	4604.696	4607.815	4600.529	4601.173	1769	0	280
2026.04.29	05:15:00	4601.180	4602.527	4600.314	4601.229	511	0	280
2026.04.29	06:30:00	4585.864	4586.844	4584.591	4584.994	405	0	280
2026.04.29	06:45:00	4585.012	4586.880	4581.176	4584.361	2182	0	280
2026.04.29	07:00:00	4584.280	4588.940	4576.690	4578.746	3003	0	280
2026.04.29	07:15:00	4578.702	4581.244	4569.400	4575.037	3164	0	280
2026.04.29	07:30:00	4575.277	4578.728	4568.891	4570.215	3408	0	280
2026.04.29	07:45:00	4570.577	4572.382	4567.205	4567.971	3056	0	280
2026.04.29	08:00:00	4568.064	4573.457	4564.340	4565.412	4221	0	280
2026.04.29	08:15:00	4565.354	4571.346	4565.354	4566.468	2861	0	280
2026.04.29	08:30:00	4566.382	4568.730	4557.167	4568.126	3449	0	280
2026.04.29	08:45:00	4568.071	4576.548	4568.071	4573.273	2497	0	280
2026.04.29	09:00:00	4573.334	4575.684	4570.499	4573.749	2030	0	280
2026.04.29	09:15:00	4573.679	4580.752	4565.549	4565.864	2590	0	280
2026.04.29	09:30:00	4565.803	4569.542	4558.782	4559.101	3389	0	280
2026.04.29	09:45:00	4559.156	4562.025	4551.478	4555.831	3982	0	280
2026.04.29	10:00:00	4555.586	4568.218	4554.874	4567.741	2310	0	280
2026.04.29	10:15:00	4568.096	4573.326	4567.719	4571.540	2341	0	280
2026.04.29	10:30:00	4571.601	4576.571	4566.141	4566.543	2228	0	280
2026.04.29	10:45:00	4566.481	4570.713	4564.076	4569.972	2172	0	280
2026.04.29	11:00:00	4569.742	4571.948	4565.240	4567.837	2856	0	280
2026.04.29	11:15:00	4567.898	4570.241	4563.992	4564.802	2211	0	280
2026.04.29	11:30:00	4564.718	4571.880	4563.551	4567.049	2352	0	280
2026.04.29	11:45:00	4566.813	4566.813	4559.323	4561.880	2328	0	280
2026.04.29	12:00:00	4561.476	4568.289	4560.606	4564.603	2268	0	280
2026.04.29	12:15:00	4564.659	4568.888	4559.220	4559.476	2985	0	280
2026.04.29	12:30:00	4559.420	4559.580	4550.988	4557.497	3618	0	280
2026.04.29	12:45:00	4557.736	4560.015	4541.417	4544.976	4097	0	280
2026.04.29	13:00:00	4545.031	4553.462	4545.031	4549.655	4804	0	280
2026.04.29	13:15:00	4549.643	4551.646	4534.356	4537.654	5544	0	280
2026.04.29	13:30:00	4537.712	4539.618	4513.314	4514.847	8745	0	280
2026.04.29	13:45:00	4514.851	4529.813	4510.111	4521.818	6546	0	280
2026.04.29	14:00:00	4521.873	4528.318	4517.704	4525.862	7176	0	280
2026.04.29	14:15:00	4525.814	4537.794	4524.203	4533.275	6040	0	280
2026.04.29	14:30:00	4533.333	4542.779	4530.904	4538.578	4515	0	280
2026.04.29	14:45:00	4538.868	4540.617	4531.965	4539.129	4182	0	280
2026.04.29	15:00:00	4539.073	4546.910	4536.207	4537.816	5058	0	280
2026.04.29	15:15:00	4537.881	4546.540	4536.271	4543.427	4519	0	280
2026.04.29	15:30:00	4543.360	4556.339	4540.200	4553.257	5284	0	280
2026.04.29	15:45:00	4553.214	4558.715	4541.959	4547.873	7570	0	280
2026.04.29	16:00:00	4547.815	4565.047	4546.842	4558.878	4535	0	280
2026.04.29	16:15:00	4558.939	4564.285	4557.132	4560.332	3437	0	280
2026.04.29	16:30:00	4560.276	4560.276	4545.772	4550.141	4460	0	280
2026.04.29	16:45:00	4550.493	4551.490	4543.164	4545.288	2935	0	280
2026.04.29	17:00:00	4545.639	4552.296	4542.639	4550.436	3033	0	280
2026.04.29	17:15:00	4550.426	4554.408	4545.892	4547.299	4237	0	280
2026.04.29	17:30:00	4547.355	4548.558	4542.672	4544.569	3025	0	280
2026.04.29	17:45:00	4544.861	4547.448	4541.452	4547.448	3231	0	280
2026.04.29	18:00:00	4547.219	4552.639	4525.297	4525.592	7971	0	280
2026.04.29	18:15:00	4525.661	4539.699	4524.880	4532.691	6325	0	280
2026.04.29	18:30:00	4532.758	4540.686	4520.382	4520.549	11725	0	280
2026.04.29	18:45:00	4520.605	4541.108	4517.978	4537.838	7696	0	280
2026.04.29	19:00:00	4537.916	4548.901	4533.072	4547.533	5832	0	280
2026.04.29	19:15:00	4547.463	4550.524	4541.095	4542.959	4348	0	280
2026.04.29	19:30:00	4542.900	4544.854	4537.678	4539.438	3598	0	280
2026.04.29	19:45:00	4539.461	4549.957	4539.236	4547.024	3305	0	280
2026.04.29	20:00:00	4546.797	4553.402	4542.587	4546.436	5960	0	280
2026.04.29	20:15:00	4546.492	4548.119	4541.320	4543.351	3740	0	280
2026.04.29	20:30:00	4543.295	4546.789	4542.342	4543.949	2069	0	280
2026.04.29	20:45:00	4543.875	4544.840	4541.315	4543.688	1717	0	280
2026.04.29	22:00:00	4542.801	4548.769	4539.166	4546.052	1272	0	280
2026.04.29	22:15:00	4546.147	4550.838	4546.147	4549.230	1348	0	280
2026.04.29	22:30:00	4549.186	4552.217	4547.254	4548.148	1148	0	280
2026.04.29	22:45:00	4548.442	4552.526	4547.789	4552.223	1139	0	280
2026.04.29	23:00:00	4551.958	4554.135	4550.352	4553.196	1098	0	280
2026.04.29	23:15:00	4553.141	4555.283	4549.412	4551.473	1158	0	280
2026.04.29	23:30:00	4551.483	4554.948	4551.240	4554.273	1011	0	280
2026.04.29	23:45:00	4554.275	4562.107	4554.144	4561.586	1475	0	280
2026.04.30	00:00:00	4561.628	4568.583	4557.825	4558.180	4464	0	280
2026.04.30	00:15:00	4558.238	4564.409	4556.222	4563.331	4112	0	280
2026.04.30	00:30:00	4563.388	4566.986	4562.082	4566.749	2346	0	280
2026.04.30	00:45:00	4566.805	4574.236	4566.366	4569.670	2670	0	280
2026.04.30	01:00:00	4569.613	4571.162	4564.484	4568.582	3995	0	280
2026.04.30	01:15:00	4568.638	4580.922	4565.807	4579.584	3144	0	280
2026.04.30	01:30:00	4579.641	4581.440	4571.002	4576.343	4123	0	280
2026.04.30	01:45:00	4576.067	4582.393	4573.988	4579.095	3058	0	280
2026.04.30	02:00:00	4579.118	4581.916	4574.759	4579.550	2492	0	280
2026.04.30	02:15:00	4579.564	4580.824	4571.608	4573.106	2126	0	280
2026.04.30	02:30:00	4573.229	4574.040	4560.277	4562.491	5465	0	280
2026.04.30	02:45:00	4562.338	4565.325	4559.683	4564.693	2703	0	280
2026.04.30	03:00:00	4564.638	4568.904	4562.565	4564.739	2556	0	280
2026.04.30	03:15:00	4564.796	4566.933	4562.625	4563.046	1884	0	280
2026.04.30	03:30:00	4563.403	4563.929	4557.605	4561.583	2307	0	280
2026.04.30	03:45:00	4561.501	4561.673	4555.692	4556.038	1849	0	280
2026.04.30	04:00:00	4556.115	4556.577	4550.852	4555.196	2414	0	280
2026.04.30	04:15:00	4555.189	4557.028	4545.656	4547.385	2340	0	280
2026.04.30	04:30:00	4547.299	4547.808	4540.773	4544.439	2765	0	280
2026.04.30	04:45:00	4544.465	4549.310	4541.898	4542.193	2246	0	280
2026.04.30	05:00:00	4542.128	4553.655	4541.973	4553.076	2836	0	280
2026.04.30	05:15:00	4553.131	4559.062	4551.695	4555.497	2123	0	280
2026.04.30	05:30:00	4555.556	4566.692	4553.958	4564.038	2897	0	280
2026.04.30	05:45:00	4563.756	4569.721	4562.253	4562.698	2306	0	280
2026.04.30	06:00:00	4562.727	4567.569	4560.273	4565.853	4473	0	280
2026.04.30	06:15:00	4566.208	4571.057	4563.411	4569.276	2899	0	280
2026.04.30	06:30:00	4569.333	4578.495	4569.328	4574.900	3267	0	280
2026.04.30	06:45:00	4574.970	4591.600	4574.467	4589.276	2704	0	280
2026.04.30	07:00:00	4589.338	4595.732	4586.164	4591.401	3517	0	280
2026.04.30	07:15:00	4591.765	4593.753	4584.672	4591.316	2508	0	280
2026.04.30	07:30:00	4591.250	4598.055	4587.878	4596.879	2319	0	280
2026.04.30	07:45:00	4596.523	4605.564	4593.273	4598.219	2480	0	280
2026.04.30	08:00:00	4598.278	4629.767	4597.207	4618.623	7596	0	280
2026.04.30	08:15:00	4618.561	4620.692	4611.990	4617.393	3976	0	280
2026.04.30	08:30:00	4617.319	4621.010	4613.541	4615.081	3814	0	280
2026.04.30	08:45:00	4615.157	4619.176	4614.007	4616.335	2726	0	280
2026.04.30	09:00:00	4616.497	4620.240	4614.253	4618.647	3247	0	280
2026.04.30	09:15:00	4618.566	4626.573	4615.363	4625.431	3587	0	280
2026.04.30	09:30:00	4625.371	4631.614	4618.334	4619.371	5475	0	280
2026.04.30	09:45:00	4619.431	4627.048	4618.009	4624.969	2586	0	280
2026.04.30	10:00:00	4625.037	4629.397	4623.487	4626.593	2806	0	280
2026.04.30	10:15:00	4626.653	4644.203	4625.972	4643.828	3587	0	280
2026.04.30	10:30:00	4643.616	4647.042	4634.174	4636.809	5560	0	280
2026.04.30	10:45:00	4636.867	4640.008	4633.873	4639.633	3438	0	280
2026.04.30	11:00:00	4639.640	4645.878	4635.858	4636.150	4269	0	280
2026.04.30	11:15:00	4636.211	4643.592	4630.461	4637.541	5185	0	280
2026.04.30	11:30:00	4637.426	4637.714	4626.749	4629.530	4722	0	280
2026.04.30	11:45:00	4629.434	4635.205	4627.907	4629.945	2981	0	280
2026.04.30	12:00:00	4630.005	4637.587	4629.343	4635.505	2661	0	280
2026.04.30	12:15:00	4635.712	4637.288	4628.408	4629.800	3846	0	280
2026.04.30	12:30:00	4629.525	4636.095	4624.819	4625.662	4275	0	280
2026.04.30	12:45:00	4625.716	4639.890	4624.539	4639.469	3897	0	280
2026.04.30	13:00:00	4639.411	4644.333	4634.318	4640.790	5360	0	280
2026.04.30	13:15:00	4640.852	4646.143	4632.729	4633.624	4509	0	280
2026.04.30	13:30:00	4633.690	4634.555	4620.176	4625.272	7995	0	280
2026.04.30	13:45:00	4625.338	4625.465	4610.401	4610.988	7735	0	280
2026.04.30	14:00:00	4610.603	4625.689	4609.092	4620.298	10205	0	280
2026.04.30	14:15:00	4620.142	4626.080	4616.232	4622.792	10376	0	280
2026.04.30	14:30:00	4622.726	4622.726	4610.515	4617.840	10058	0	280
2026.04.30	14:45:00	4617.915	4623.864	4617.005	4619.810	6035	0	280
2026.04.30	15:00:00	4619.751	4623.950	4614.856	4619.787	5745	0	280
2026.04.30	15:15:00	4619.730	4624.485	4615.475	4623.155	4715	0	280
2026.04.30	15:30:00	4622.891	4625.484	4613.243	4615.325	4089	0	280
2026.04.30	15:45:00	4615.263	4617.053	4611.255	4615.385	2915	0	280
2026.04.30	16:00:00	4615.443	4617.453	4609.782	4611.763	2665	0	280
2026.04.30	16:15:00	4611.820	4611.932	4605.575	4607.753	2849	0	280
2026.04.30	16:30:00	4608.117	4613.734	4607.055	4609.237	2531	0	280
2026.04.30	16:45:00	4608.883	4617.736	4605.138	4607.527	3673	0	280
2026.04.30	17:00:00	4607.334	4619.911	4607.334	4615.673	3508	0	280
2026.04.30	17:15:00	4615.907	4620.801	4612.888	4617.922	3000	0	280
2026.04.30	17:30:00	4617.848	4621.798	4614.741	4617.834	3377	0	280
2026.04.30	17:45:00	4617.977	4619.924	4615.103	4616.631	1798	0	280
2026.04.30	18:00:00	4616.624	4624.602	4616.624	4620.413	2579	0	280
2026.04.30	18:15:00	4620.633	4625.171	4619.947	4620.549	2034	0	280
2026.04.30	18:30:00	4620.783	4623.512	4618.963	4620.723	1979	0	280
2026.04.30	18:45:00	4620.714	4624.990	4620.054	4622.542	1752	0	280
2026.04.30	19:00:00	4622.460	4627.510	4622.005	4624.169	2241	0	280
2026.04.30	19:15:00	4624.147	4625.371	4616.707	4617.869	1920	0	280
2026.04.30	19:30:00	4617.938	4623.025	4615.057	4622.363	1754	0	280
2026.04.30	19:45:00	4622.427	4623.320	4614.408	4617.032	2610	0	280
2026.04.30	20:00:00	4617.091	4620.387	4615.647	4616.354	2438	0	280
2026.04.30	20:15:00	4616.370	4619.408	4615.679	4616.539	1148	0	280
2026.04.30	20:30:00	4616.609	4618.483	4615.442	4617.463	1201	0	280
2026.04.30	20:45:00	4617.367	4622.063	4616.756	4620.680	893	0	280
2026.04.30	22:00:00	4627.631	4632.771	4625.076	4631.421	952	0	280
2026.04.30	22:15:00	4631.146	4631.457	4628.811	4630.984	981	0	280
2026.04.30	22:30:00	4631.250	4631.995	4626.947	4631.951	1202	0	280
2026.04.30	22:45:00	4632.004	4632.069	4628.447	4630.440	1190	0	280
2026.04.30	23:00:00	4630.506	4631.698	4628.114	4629.890	1043	0	280
2026.04.30	23:15:00	4629.891	4632.106	4629.253	4630.864	869	0	280
2026.04.30	23:30:00	4630.817	4634.073	4630.467	4631.387	1006	0	280
2026.04.30	23:45:00	4631.311	4632.985	4626.348	4626.348	1335	0	280
2026.05.01	00:00:00	4626.569	4631.035	4620.725	4622.422	3046	0	280
2026.05.01	00:15:00	4622.344	4628.342	4620.999	4623.601	2484	0	280
2026.05.01	00:30:00	4623.869	4624.914	4618.324	4620.821	2223	0	280
2026.05.01	00:45:00	4620.560	4625.061	4619.409	4619.755	1994	0	280
2026.05.01	01:00:00	4619.837	4620.989	4615.508	4618.191	2451	0	280
2026.05.01	01:15:00	4618.133	4618.850	4613.734	4616.069	1704	0	280
2026.05.01	01:30:00	4616.004	4621.889	4615.901	4620.114	1839	0	280
2026.05.01	01:45:00	4620.009	4622.039	4618.791	4620.996	1558	0	280
2026.05.01	02:00:00	4620.912	4634.606	4619.835	4631.034	1982	0	280
2026.05.01	02:15:00	4631.024	4636.157	4628.489	4629.551	1971	0	280
2026.05.01	02:30:00	4629.287	4631.000	4623.823	4624.393	1776	0	280
2026.05.01	02:45:00	4624.327	4624.585	4616.368	4619.171	2192	0	280
2026.05.01	03:00:00	4619.114	4621.135	4617.588	4620.711	1598	0	280
2026.05.01	03:15:00	4620.458	4626.706	4620.446	4626.217	1335	0	280
2026.05.01	03:30:00	4626.263	4631.892	4625.330	4626.331	2133	0	280
2026.05.01	03:45:00	4626.051	4628.041	4625.573	4626.779	1498	0	280
2026.05.01	04:00:00	4626.846	4628.892	4619.783	4621.857	2230	0	280
2026.05.01	04:15:00	4621.855	4623.449	4617.343	4617.754	1457	0	280
2026.05.01	04:30:00	4617.759	4618.287	4612.151	4613.575	2133	0	280
2026.05.01	04:45:00	4613.540	4614.567	4609.075	4609.245	1455	0	280
2026.05.01	05:00:00	4609.302	4614.702	4607.356	4614.085	1739	0	280
2026.05.01	05:15:00	4614.085	4616.079	4611.454	4614.517	1319	0	280
2026.05.01	05:30:00	4614.458	4615.416	4609.318	4609.970	1876	0	280
2026.05.01	05:45:00	4609.975	4613.466	4602.803	4605.024	1943	0	280
2026.05.01	06:00:00	4605.027	4607.709	4600.920	4601.610	2685	0	280
2026.05.01	06:15:00	4601.622	4602.064	4593.360	4593.573	2158	0	280
2026.05.01	06:30:00	4593.312	4597.726	4590.681	4593.306	1999	0	280
2026.05.01	06:45:00	4593.329	4596.097	4591.033	4594.615	2732	0	280
2026.05.01	07:00:00	4594.548	4596.561	4589.487	4595.918	2565	0	280
2026.05.01	07:15:00	4596.016	4598.079	4585.060	4592.161	2504	0	280
2026.05.01	07:30:00	4592.401	4592.657	4583.695	4585.478	2182	0	280
2026.05.01	07:45:00	4585.149	4586.103	4575.944	4578.010	2446	0	280
2026.05.01	08:00:00	4578.359	4582.605	4573.116	4574.052	2594	0	280
2026.05.01	08:15:00	4573.986	4576.998	4566.368	4567.403	2387	0	280
2026.05.01	08:30:00	4567.370	4572.066	4565.945	4570.983	2232	0	280
2026.05.01	08:45:00	4570.809	4572.754	4564.928	4568.949	1920	0	280
2026.05.01	09:00:00	4569.007	4569.241	4564.213	4565.582	1978	0	280
2026.05.01	09:15:00	4565.572	4571.306	4564.487	4569.062	1928	0	280
2026.05.01	09:30:00	4569.298	4572.870	4567.559	4570.457	1658	0	280
2026.05.01	09:45:00	4570.117	4570.778	4559.766	4562.804	2257	0	280
2026.05.01	10:00:00	4562.517	4567.929	4561.319	4566.452	1561	0	280
2026.05.01	10:15:00	4566.461	4572.699	4566.461	4571.955	1358	0	280
2026.05.01	10:30:00	4571.953	4576.018	4567.343	4570.485	1686	0	280
2026.05.01	10:45:00	4570.430	4572.180	4566.024	4566.721	1489	0	280
2026.05.01	11:00:00	4566.779	4569.000	4562.472	4565.619	2032	0	280
2026.05.01	11:15:00	4565.563	4576.561	4564.600	4571.931	2031	0	280
2026.05.01	11:30:00	4571.574	4577.787	4570.190	4575.462	1885	0	280
2026.05.01	11:45:00	4575.407	4579.605	4572.649	4578.676	1873	0	280
2026.05.01	12:00:00	4578.718	4590.591	4574.949	4584.543	3527	0	280
2026.05.01	12:15:00	4584.773	4607.859	4582.695	4602.990	5479	0	280
2026.05.01	12:30:00	4603.054	4603.348	4588.966	4591.874	3616	0	280
2026.05.01	12:45:00	4591.705	4595.229	4589.441	4591.269	2885	0	280
2026.05.01	13:00:00	4590.915	4597.102	4589.593	4591.368	2884	0	280
2026.05.01	13:15:00	4591.429	4593.249	4586.502	4589.288	2652	0	280
2026.05.01	13:30:00	4589.343	4609.033	4586.483	4607.763	6564	0	280
2026.05.01	13:45:00	4607.830	4628.947	4598.781	4625.300	7273	0	280
2026.05.01	14:00:00	4625.033	4659.983	4625.033	4655.914	8671	0	280
2026.05.01	14:15:00	4655.976	4660.285	4643.836	4644.683	7828	0	280
2026.05.01	14:30:00	4644.755	4646.437	4630.299	4633.322	7292	0	280
2026.05.01	14:45:00	4633.380	4635.284	4627.222	4631.857	5387	0	280
2026.05.01	15:00:00	4632.016	4636.727	4618.991	4636.727	6072	0	280
2026.05.01	15:15:00	4636.664	4640.523	4633.906	4636.298	3954	0	280
2026.05.01	15:30:00	4636.354	4644.733	4635.165	4643.701	3921	0	280
2026.05.01	15:45:00	4643.467	4648.103	4632.676	4643.336	5171	0	280
2026.05.01	16:00:00	4642.971	4645.527	4637.941	4642.606	3020	0	280
2026.05.01	16:15:00	4642.544	4650.023	4637.634	4637.997	5395	0	280
2026.05.01	16:30:00	4638.059	4641.534	4633.913	4638.741	3758	0	280
2026.05.01	16:45:00	4638.672	4643.018	4636.586	4639.048	2539	0	280
2026.05.01	17:00:00	4638.985	4642.609	4637.564	4639.753	2357	0	280
2026.05.01	17:15:00	4639.798	4640.162	4630.896	4631.918	2709	0	280
2026.05.01	17:30:00	4631.859	4632.325	4626.622	4628.231	2365	0	280
2026.05.01	17:45:00	4628.288	4635.085	4627.185	4629.639	2554	0	280
2026.05.01	18:00:00	4629.706	4630.624	4615.542	4615.914	2602	0	280
2026.05.01	18:15:00	4615.839	4623.514	4613.658	4623.126	2545	0	280
2026.05.01	18:30:00	4623.042	4624.538	4616.181	4622.097	2808	0	280
2026.05.01	18:45:00	4622.063	4625.964	4619.915	4624.396	1842	0	280
2026.05.01	19:00:00	4624.183	4626.574	4620.577	4626.110	1788	0	280
2026.05.01	19:15:00	4626.429	4627.788	4624.178	4624.178	1485	0	280
2026.05.01	19:30:00	4624.453	4624.722	4611.209	4611.755	2480	0	280
2026.05.01	19:45:00	4611.948	4615.393	4608.820	4610.826	2620	0	280
2026.05.01	20:00:00	4610.733	4612.816	4606.924	4611.283	1795	0	280
2026.05.01	20:15:00	4611.057	4616.173	4609.632	4613.403	1477	0	280
2026.05.01	20:30:00	4613.461	4615.201	4610.103	4613.904	1412	0	280
2026.05.01	20:45:00	4613.603	4617.123	4612.442	4613.386	1315	0	280
